sim_time,x,y,speed,steer,throttle,style_scores,alert_state,alert_raw,alert_score
0.05,104.59001922607422,191.77003479003906,0.9800000190734863,0.0,0.5,"[0.3768119812011719, 0.15489999949932098, 0.0, 0.9431818127632141]","[0.0, 0.0, -3.1957933970261365e-06, 0.00011933333735214546, -0.04100090637803078, 1.0, 0.016333334147930145, -3.1957933970261365e-06, 0.0, 0.0, 1.0172526572205243e-06, -0.016214000061154366, 0.0, 0.0]","[1.0, 0.0, 0.0, 0.9003829956054688, 2.0, 0.046041421592235565, 0.6760104894638062, 0.8513514995574951]",0.8335124105215073
0.1,104.59001922607422,191.77003479003906,1.4700000286102295,0.0,0.5,"[0.4089679718017578, 0.23229999840259552, 0.0, 0.9659090638160706]","[0.0, 0.0, -3.1957933970261365e-06, 0.00011933333735214546, -0.04100090637803078, 1.0, 0.016333334147930145, -3.1957933970261365e-06, 0.0, 0.0, 1.0172526572205243e-06, -0.016214000061154366, 0.0, 0.0]","[1.0, 0.0, 0.0, 0.9003829956054688, 2.0, 0.046041421592235565, 0.6760104894638062, 0.8513514995574951]",0.8552195876836777
0.15000000000000002,104.59001922607422,191.77003479003906,1.7187600135803223,0.0,0.5,"[0.4252927303314209, 0.2784999907016754, 0.0, 0.7467684745788574]","[0.0, 0.0, -3.1957933970261365e-06, 0.00011933333735214546, -0.04100090637803078, 1.0, 0.016333334147930145, -3.1957933970261365e-06, 0.0, 0.0, 1.0172526572205243e-06, -0.016214000061154366, 0.0, 0.0]","[1.0, 0.0, 0.0, 0.9003829956054688, 2.0, 0.046041421592235565, 0.6760104894638062, 0.8513514995574951]",0.8493818938732147
0.2,104.59001922607422,191.77003479003906,0.9489799737930298,0.0,0.5,"[0.37477630376815796, 0.14550000429153442, 0.0, 0.5113636255264282]","[0.0, 0.0, -3.1957933970261365e-06, 0.00011933333735214546, -0.04100090637803078, 1.0, 0.016333334147930145, -3.1957933970261365e-06, 0.0, 0.0, 1.0172526572205243e-06, -0.016214000061154366, 0.0, 0.0]","[1.0, 0.0, 0.0, 0.9003829956054688, 2.0, 0.046041421592235565, 0.6760104894638062, 0.8513514995574951]",0.7446515560150146
0.25,104.59001922607422,191.77003479003906,0.48186999559402466,0.0,0.5,"[0.3441224694252014, 0.0763000026345253, 0.0, 0.6907535195350647]","[0.0, 0.0, -3.1957933970261365e-06, 0.00011933333735214546, -0.04100090637803078, 1.0, 0.016333334147930145, -3.1957933970261365e-06, 0.0, 0.0, 1.0172526572205243e-06, -0.016214000061154366, 0.0, 0.0]","[1.0, 0.0, 0.0, 0.9003829956054688, 2.0, 0.046041421592235565, 0.6760104894638062, 0.8513514995574951]",0.764535591006279
0.3,104.59001922607422,191.77003479003906,0.20643000304698944,0.0,0.5,"[0.3260468542575836, 0.033399999141693115, 8.791208188085875e-07, 0.791659951210022]","[0.0, 0.0, -3.1957933970261365e-06, 0.00011933333735214546, -0.04100090637803078, 1.0, 0.016333334147930145, -3.1957933970261365e-06, 0.0, 0.0, 1.0172526572205243e-06, -0.016214000061154366, 0.0, 0.0]","[1.0, 0.0, 0.0, 0.9003829956054688, 2.0, 0.046041421592235565, 0.6760104894638062, 0.8513514995574951]",0.7745185196399689
0.35,104.59001922607422,191.77003479003906,0.05063999816775322,0.0,0.5,"[0.3158232271671295, 0.008299999870359898, 4.3956040940429375e-07, 0.8699873685836792]","[0.0, 0.0, -3.1957933970261365e-06, 0.00011933333735214546, -0.04100090637803078, 1.0, 0.016333334147930145, -3.1957933970261365e-06, 0.0, 0.0, 1.0172526572205243e-06, -0.016214000061154366, 0.0, 0.0]","[1.0, 0.0, 0.0, 0.9003829956054688, 2.0, 0.046041421592235565, 0.6760104894638062, 0.8513514995574951]",0.7852693647146225
0.39999999999999997,104.59001922607422,191.77003479003906,0.0318400003015995,0.0,0.5,"[0.3145894706249237, 0.005200000014156103, 4.3956040940429375e-07, 0.9307903051376343]","[0.0, 0.0, -3.1957933970261365e-06, 0.00011933333735214546, -0.04100090637803078, 1.0, 0.016333334147930145, -3.1957933970261365e-06, 0.0, 0.0, 1.0172526572205243e-06, -0.016214000061154366, 0.0, 0.0]","[1.0, 0.0, 0.0, 0.9003829956054688, 2.0, 0.046041421592235565, 0.6760104894638062, 0.8513514995574951]",0.783629760146141
0.44999999999999996,104.59001922607422,191.77003479003906,0.07050999999046326,0.0,0.5,"[0.31712719798088074, 0.011699999682605267, 4.3956040940429375e-07, 0.9548987746238708]","[0.0, 0.0, -3.1957933970261365e-06, 0.00011933333735214546, -0.04100090637803078, 1.0, 0.016333334147930145, -3.1957933970261365e-06, 0.0, 0.0, 1.0172526572205243e-06, -0.016214000061154366, 0.0, 0.0]","[1.0, 0.0, 0.0, 0.9003829956054688, 2.0, 0.046041421592235565, 0.6760104894638062, 0.8513514995574951]",0.7798620760440826
0.49999999999999994,104.59001922607422,191.77003479003906,0.0839100033044815,0.0,0.5,"[0.3180065453052521, 0.013899999670684338, 0.0, 0.975192129611969]","[0.0, 0.0, -3.1957933970261365e-06, 0.00011933333735214546, -0.04100090637803078, 1.0, 0.016333334147930145, -3.1957933970261365e-06, 0.0, 0.0, 1.0172526572205243e-06, -0.016214000061154366, 0.0, 0.0]","[1.0, 0.0, 0.0, 0.9003829956054688, 2.0, 0.046041421592235565, 0.6760104894638062, 0.8513514995574951]",0.7755584716796875
0.5499999999999999,104.59001922607422,191.77003479003906,0.08347000181674957,0.0,0.5,"[0.3179776668548584, 0.013899999670684338, 4.3956040940429375e-07, 0.9873731136322021]","[0.0, 0.0, -3.1957933970261365e-06, 0.00011933333735214546, -0.04100090637803078, 1.0, 0.016333334147930145, -3.1957933970261365e-06, 0.0, 0.0, 1.0172526572205243e-06, -0.016214000061154366, 0.0, 0.0]","[1.0, 0.0, 0.0, 0.9003829956054688, 2.0, 0.046041421592235565, 0.6760104894638062, 0.8513514995574951]",0.7725061327219009
0.6,104.59001922607422,191.77003479003906,0.07614000141620636,0.0,0.5,"[0.317496657371521, 0.012600000016391277, 0.0, 0.9927284121513367]","[0.0, 0.0, -3.1957933970261365e-06, 0.00011933333735214546, -0.04100090637803078, 1.0, 0.016333334147930145, -3.1957933970261365e-06, 0.0, 0.0, 1.0172526572205243e-06, -0.016214000061154366, 0.0, 0.0]","[1.0, 0.0, 0.0, 0.9003829956054688, 2.0, 0.046041421592235565, 0.6760104894638062, 0.8513514995574951]",0.7707219272851944
0.65,104.59001922607422,191.77003479003906,0.06597000360488892,0.0,0.5,"[0.31682923436164856, 0.010999999940395355, 4.3956040940429375e-07, 0.9960333108901978]","[0.0, 0.0, -3.1957933970261365e-06, 0.00011933333735214546, -0.04100090637803078, 1.0, 0.016333334147930145, -3.1957933970261365e-06, 0.0, 0.0, 1.0172526572205243e-06, -0.016214000061154366, 0.0, 0.0]","[1.0, 0.0, 0.0, 0.9003829956054688, 2.0, 0.046041421592235565, 0.6760104894638062, 0.8513514995574951]",0.7693289667367935
0.7000000000000001,104.59001922607422,191.77003479003906,0.05525000020861626,0.0,0.5,"[0.316125750541687, 0.009200000204145908, 4.3956040940429375e-07, 0.9980322122573853]","[0.0, 0.0, -3.1957933970261365e-06, 0.00011933333735214546, -0.04100090637803078, 1.0, 0.016333334147930145, -3.1957933970261365e-06, 0.0, 0.0, 1.0172526572205243e-06, -0.016214000061154366, 0.0, 0.0]","[1.0, 0.0, 0.0, 0.9003829956054688, 2.0, 0.046041421592235565, 0.6760104894638062, 0.8513514995574951]",0.7682033628225327
0.7500000000000001,104.59001922607422,191.77003479003906,0.045159999281167984,0.0,0.5,"[0.3154635727405548, 0.007499999832361937, 0.0, 0.998045802116394]","[0.0, 0.0, -3.1957933970261365e-06, 0.00011933333735214546, -0.04100090637803078, 1.0, 0.016333334147930145, -3.1957933970261365e-06, 0.0, 0.0, 1.0172526572205243e-06, -0.016214000061154366, 0.0, 0.0]","[1.0, 0.0, 0.0, 0.9003829956054688, 2.0, 0.046041421592235565, 0.6760104894638062, 0.8513514995574951]",0.7676093131303787
0.8000000000000002,104.59001922607422,191.77003479003906,0.036249998956918716,0.0,0.5,"[0.314878910779953, 0.006000000052154064, 0.0, 0.9977152347564697]","[0.0, 0.0, -3.1957933970261365e-06, 0.00011933333735214546, -0.04100090637803078, 1.0, 0.016333334147930145, -3.1957933970261365e-06, 0.0, 0.0, 1.0172526572205243e-06, -0.016214000061154366, 0.0, 0.0]","[1.0, 0.0, 0.0, 0.9003829956054688, 2.0, 0.046041421592235565, 0.6760104894638062, 0.8513514995574951]",0.767170786857605
0.8500000000000002,104.59001922607422,191.77003479003906,0.028689999133348465,0.0,0.5,"[0.31438276171684265, 0.004800000227987766, 0.0, 0.997738242149353]","[0.0, 0.0, -3.1957933970261365e-06, 0.00011933333735214546, -0.04100090637803078, 1.0, 0.016333334147930145, -3.1957933970261365e-06, 0.0, 0.0, 1.0172526572205243e-06, -0.016214000061154366, 0.0, 0.0]","[1.0, 0.0, 0.0, 0.9003829956054688, 2.0, 0.046041421592235565, 0.6760104894638062, 0.8513514995574951]",0.7667409926652908
0.9000000000000002,104.59001922607422,191.77003479003906,0.022450000047683716,0.0,0.5,"[0.3139732778072357, 0.003700000001117587, 0.0, 0.9979502558708191]","[0.0, 0.0, -3.1957933970261365e-06, 0.00011933333735214546, -0.04100090637803078, 1.0, 0.016333334147930145, -3.1957933970261365e-06, 0.0, 0.0, 1.0172526572205243e-06, -0.016214000061154366, 0.0, 0.0]","[1.0, 0.0, 0.0, 0.9003829956054688, 2.0, 0.046041421592235565, 0.6760104894638062, 0.8513514995574951]",0.7663106173276901
0.9500000000000003,104.59001922607422,191.77003479003906,0.017410000786185265,0.0,0.5,"[0.3136425018310547, 0.002899999963119626, 4.3956040940429375e-07, 0.9982224702835083]","[0.0, 0.0, -3.1957933970261365e-06, 0.00011933333735214546, -0.04100090637803078, 1.0, 0.016333334147930145, -3.1957933970261365e-06, 0.0, 0.0, 1.0172526572205243e-06, -0.016214000061154366, 0.0, 0.0]","[1.0, 0.0, 0.0, 0.9003829956054688, 2.0, 0.046041421592235565, 0.6760104894638062, 0.8513514995574951]",0.7659599930047989
1.0000000000000002,104.59001922607422,191.77003479003906,0.013389999978244305,0.0,0.5,"[0.3133787214756012, 0.002199999988079071, 0.0, 0.9985188841819763]","[0.0, 0.0, -3.1957933970261365e-06, 0.00011933333735214546, -0.04100090637803078, 1.0, 0.016333334147930145, -3.1957933970261365e-06, 0.0, 0.0, 1.0172526572205243e-06, -0.016214000061154366, 0.0, 0.0]","[1.0, 0.0, 0.0, 0.9003829956054688, 2.0, 0.046041421592235565, 0.6760104894638062, 0.8513514995574951]",0.7656448185443878
1.0500000000000003,104.59001922607422,191.77003479003906,0.010239999741315842,0.0,0.5,"[0.31317201256752014, 0.0017000000225380063, 0.0, 0.998788595199585]","[0.0, 0.0, -3.1957933970261365e-06, 0.00011933333735214546, -0.04100090637803078, 1.0, 0.016333334147930145, -3.1957933970261365e-06, 0.0, 0.0, 1.0172526572205243e-06, -0.016214000061154366, 0.0, 0.0]","[1.0, 0.0, 0.0, 0.9003829956054688, 2.0, 0.046041421592235565, 0.6760104894638062, 0.8513514995574951]",0.7654007226228714
1.1000000000000003,104.59001922607422,191.77003479003906,0.007780000101774931,0.0,0.5,"[0.313010573387146, 0.0013000000035390258, 8.791208188085875e-07, 0.9990307688713074]","[0.0, 0.0, -3.1957933970261365e-06, 0.00011933333735214546, -0.04100090637803078, 1.0, 0.016333334147930145, -3.1957933970261365e-06, 0.0, 0.0, 1.0172526572205243e-06, -0.016214000061154366, 0.0, 0.0]","[1.0, 0.0, 0.0, 0.9003829956054688, 2.0, 0.046041421592235565, 0.6760104894638062, 0.8513514995574951]",0.7652000337839127
1.1500000000000004,104.59001922607422,191.77003479003906,0.005880000069737434,0.0,0.5,"[0.3128858506679535, 0.0010000000474974513, 8.791208188085875e-07, 0.9992302060127258]","[0.0, 0.0, -3.1957933970261365e-06, 0.00011933333735214546, -0.04100090637803078, 1.0, 0.016333334147930145, -3.1957933970261365e-06, 0.0, 0.0, 1.0172526572205243e-06, -0.016214000061154366, 0.0, 0.0]","[1.0, 0.0, 0.0, 0.9003829956054688, 2.0, 0.046041421592235565, 0.6760104894638062, 0.8513514995574951]",0.7650439888238907
1.2000000000000004,104.59001922607422,191.77003479003906,0.004430000204592943,0.0,0.5,"[0.3127906918525696, 0.000699999975040555, 0.0, 0.9993983507156372]","[0.0, 0.0, -3.1957933970261365e-06, 0.00011933333735214546, -0.04100090637803078, 1.0, 0.016333334147930145, -3.1957933970261365e-06, 0.0, 0.0, 1.0172526572205243e-06, -0.016214000061154366, 0.0, 0.0]","[1.0, 0.0, 0.0, 0.9003829956054688, 2.0, 0.046041421592235565, 0.6760104894638062, 0.8513514995574951]",0.7649029493331909
1.2500000000000004,104.59001922607422,191.77003479003906,0.003329999977722764,0.0,0.5,"[0.31271854043006897, 0.0006000000284984708, 0.0, 0.9995371103286743]","[0.0, 0.0, -3.1957933970261365e-06, 0.00011933333735214546, -0.04100090637803078, 1.0, 0.016333334147930145, -3.1957933970261365e-06, 0.0, 0.0, 1.0172526572205243e-06, -0.016214000061154366, 0.0, 0.0]","[1.0, 0.0, 0.0, 0.9003829956054688, 2.0, 0.046041421592235565, 0.6760104894638062, 0.8513514995574951]",0.7648252248764038
1.3000000000000005,104.59001922607422,191.77003479003906,0.0004400000034365803,0.0,0.5,"[0.31252890825271606, 9.999999747378752e-05, 0.0, 0.9979907870292664]","[0.0, 0.0, -3.1957933970261365e-06, 0.00011933333735214546, -0.04100090637803078, 1.0, 0.016333334147930145, -3.1957933970261365e-06, 0.0, 0.0, 1.0172526572205243e-06, -0.016214000061154366, 0.0, 0.0]","[1.0, 0.0, 0.0, 0.9003829956054688, 2.0, 0.046041421592235565, 0.6760104894638062, 0.8513514995574951]",0.7650393843650818
1.3500000000000005,104.59001922607422,191.77003479003906,0.0009699999936856329,0.0,0.5,"[0.3125636577606201, 0.00019999999494757503, 0.0, 0.9968278408050537]","[0.0, 0.0, -3.1957933970261365e-06, 0.00011933333735214546, -0.04100090637803078, 1.0, 0.016333334147930145, -3.1957933970261365e-06, 0.0, 0.0, 1.0172526572205243e-06, -0.016214000061154366, 0.0, 0.0]","[1.0, 0.0, 0.0, 0.9003829956054688, 2.0, 0.046041421592235565, 0.6760104894638062, 0.8513514995574951]",0.7653638273477554
1.4000000000000006,104.59001922607422,191.77003479003906,0.0011500000255182385,0.0,0.5,"[0.31257545948028564, 0.00019999999494757503, 0.0, 0.999661386013031]","[0.0, 0.0, -3.1957933970261365e-06, 0.00011933333735214546, -0.04100090637803078, 1.0, 0.016333334147930145, -3.1957933970261365e-06, 0.0, 0.0, 1.0172526572205243e-06, -0.016214000061154366, 0.0, 0.0]","[1.0, 0.0, 0.0, 0.9003829956054688, 2.0, 0.046041421592235565, 0.6760104894638062, 0.8513514995574951]",0.7646583914756775
1.4500000000000006,104.59001922607422,191.77003479003906,0.0011399999493733048,0.0,0.5,"[0.3125748038291931, 0.00019999999494757503, 0.0, 0.9998289942741394]","[0.0, 0.0, -3.1957933970261365e-06, 0.00011933333735214546, -0.04100090637803078, 1.0, 0.016333334147930145, -3.1957933970261365e-06, 0.0, 0.0, 1.0172526572205243e-06, -0.016214000061154366, 0.0, 0.0]","[1.0, 0.0, 0.0, 0.9003829956054688, 2.0, 0.046041421592235565, 0.6760104894638062, 0.8513514995574951]",0.7646163105964661
1.5000000000000007,104.59001922607422,191.77003479003906,0.0010400000028312206,0.0,0.5,"[0.3125682473182678, 0.00019999999494757503, 0.0, 0.9998992085456848]","[0.0, 0.0, -3.1957933970261365e-06, 0.00011933333735214546, -0.04100090637803078, 1.0, 0.016333334147930145, -3.1957933970261365e-06, 0.0, 0.0, 1.0172526572205243e-06, -0.016214000061154366, 0.0, 0.0]","[1.0, 0.0, 0.0, 0.9003829956054688, 2.0, 0.046041421592235565, 0.6760104894638062, 0.8513514995574951]",0.7645971179008484
1.5500000000000007,104.59001922607422,191.77003479003906,0.0008999999845400453,0.0,0.5,"[0.31255903840065, 9.999999747378752e-05, 0.0, 0.9999477863311768]","[0.0, 0.0, -3.1957933970261365e-06, 0.00011933333735214546, -0.04100090637803078, 1.0, 0.016333334147930145, -3.1957933970261365e-06, 0.0, 0.0, 1.0172526572205243e-06, -0.016214000061154366, 0.0, 0.0]","[1.0, 0.0, 0.0, 0.9003829956054688, 2.0, 0.046041421592235565, 0.6760104894638062, 0.8513514995574951]",0.7645576745271683
1.6000000000000008,104.59001922607422,191.77003479003906,0.0007600000244565308,0.0,0.5,"[0.312549889087677, 9.999999747378752e-05, 0.0, 0.999972939491272]","[0.0, 0.0, -3.1957933970261365e-06, 0.00011933333735214546, -0.04100090637803078, 1.0, 0.016333334147930145, -3.1957933970261365e-06, 0.0, 0.0, 1.0172526572205243e-06, -0.016214000061154366, 0.0, 0.0]","[1.0, 0.0, 0.0, 0.9003829956054688, 2.0, 0.046041421592235565, 0.6760104894638062, 0.8513514995574951]",0.7645490914583206
1.6500000000000008,104.59001922607422,191.77003479003906,0.0006200000061653554,0.0,0.5,"[0.3125406801700592, 9.999999747378752e-05, 0.0, 0.9999728202819824]","[0.0, 0.0, -3.1957933970261365e-06, 0.00011933333735214546, -0.04100090637803078, 1.0, 0.016333334147930145, -3.1957933970261365e-06, 0.0, 0.0, 1.0172526572205243e-06, -0.016214000061154366, 0.0, 0.0]","[1.0, 0.0, 0.0, 0.9003829956054688, 2.0, 0.046041421592235565, 0.6760104894638062, 0.8513514995574951]",0.7645468264818192
1.7000000000000008,104.59001922607422,191.77003479003906,0.0005000000237487257,0.0,0.5,"[0.31253284215927124, 9.999999747378752e-05, 0.0, 0.9999681711196899]","[0.0, 0.0, -3.1957933970261365e-06, 0.00011933333735214546, -0.04100090637803078, 1.0, 0.016333334147930145, -3.1957933970261365e-06, 0.0, 0.0, 1.0172526572205243e-06, -0.016214000061154366, 0.0, 0.0]","[1.0, 0.0, 0.0, 0.9003829956054688, 2.0, 0.046041421592235565, 0.6760104894638062, 0.8513514995574951]",0.7645460218191147
1.7500000000000009,104.59001922607422,191.77003479003906,0.00015999999595806003,0.0,0.5,"[0.31251052021980286, 0.0, 0.0, 0.9997616410255432]","[0.0, 0.0, -3.1957933970261365e-06, 0.00011933333735214546, -0.04100090637803078, 1.0, 0.016333334147930145, -3.1957933970261365e-06, 0.0, 0.0, 1.0172526572205243e-06, -0.016214000061154366, 0.0, 0.0]","[1.0, 0.0, 0.0, 0.9003829956054688, 2.0, 0.046041421592235565, 0.6760104894638062, 0.8513514995574951]",0.7645670771598816
1.800000000000001,104.59001922607422,191.77003479003906,0.0002300000051036477,0.0,0.5,"[0.3125150799751282, 0.0, 0.0, 0.9996312260627747]","[0.0, 0.0, -3.1957933970261365e-06, 0.00011933333735214546, -0.04100090637803078, 1.0, 0.016333334147930145, -3.1957933970261365e-06, 0.0, 0.0, 1.0172526572205243e-06, -0.016214000061154366, 0.0, 0.0]","[1.0, 0.0, 0.0, 0.9003829956054688, 2.0, 0.046041421592235565, 0.6760104894638062, 0.8513514995574951]",0.7646008282899857
1.850000000000001,104.59001922607422,191.77003479003906,0.00023999999393709004,0.0,0.5,"[0.3125157356262207, 0.0, 0.0, 0.999954104423523]","[0.0, 0.0, -3.1957933970261365e-06, 0.00011933333735214546, -0.04100090637803078, 1.0, 0.016333334147930145, -3.1957933970261365e-06, 0.0, 0.0, 1.0172526572205243e-06, -0.016214000061154366, 0.0, 0.0]","[1.0, 0.0, 0.0, 0.9003829956054688, 2.0, 0.046041421592235565, 0.6760104894638062, 0.8513514995574951]",0.7645202726125717
1.900000000000001,104.59001922607422,191.77003479003906,0.00022000000171829015,0.0,0.5,"[0.31251442432403564, 0.0, 0.0, 0.9999698996543884]","[0.0, 0.0, -3.1957933970261365e-06, 0.00011933333735214546, -0.04100090637803078, 1.0, 0.016333334147930145, -3.1957933970261365e-06, 0.0, 0.0, 1.0172526572205243e-06, -0.016214000061154366, 0.0, 0.0]","[1.0, 0.0, 0.0, 0.9003829956054688, 2.0, 0.046041421592235565, 0.6760104894638062, 0.8513514995574951]",0.7645159959793091
1.950000000000001,104.59001922607422,191.77003479003906,0.00019999999494757503,0.0,0.5,"[0.3125131130218506, 0.0, 0.0, 0.9999889731407166]","[0.0, 0.0, -3.1957933970261365e-06, 0.00011933333735214546, -0.04100090637803078, 1.0, 0.016333334147930145, -3.1957933970261365e-06, 0.0, 0.0, 1.0172526572205243e-06, -0.016214000061154366, 0.0, 0.0]","[1.0, 0.0, 0.0, 0.9003829956054688, 2.0, 0.046041421592235565, 0.6760104894638062, 0.8513514995574951]",0.7645108997821808
2.000000000000001,104.59001922607422,191.77003479003906,0.00016999999934341758,0.0,0.5,"[0.312511146068573, 0.0, 0.0, 0.9999914169311523]","[0.0, 0.0, -3.1957933970261365e-06, 0.00011933333735214546, -0.04100090637803078, 1.0, 0.016333334147930145, -3.1957933970261365e-06, 0.0, 0.0, 1.0172526572205243e-06, -0.016214000061154366, 0.0, 0.0]","[1.0, 0.0, 0.0, 0.9003829956054688, 2.0, 0.046041421592235565, 0.6760104894638062, 0.8513514995574951]",0.7645097970962524
2.0500000000000007,104.59001922607422,191.77003479003906,0.00014000000373926014,0.0,0.5,"[0.3125092089176178, 0.0, 0.0, 0.9999949932098389]","[0.0, 0.0, -3.1957933970261365e-06, 0.00011933333735214546, -0.04100090637803078, 1.0, 0.016333334147930145, -3.1957933970261365e-06, 0.0, 0.0, 1.0172526572205243e-06, -0.016214000061154366, 0.0, 0.0]","[1.0, 0.0, 0.0, 0.9003829956054688, 2.0, 0.046041421592235565, 0.6760104894638062, 0.8513514995574951]",0.7645084112882614
2.1000000000000005,104.59001922607422,191.77003479003906,0.00011000000085914508,0.0,0.5,"[0.3125072121620178, 0.0, 0.0, 0.9999936819076538]","[0.0, 0.0, -3.1957933970261365e-06, 0.00011933333735214546, -0.04100090637803078, 1.0, 0.016333334147930145, -3.1957933970261365e-06, 0.0, 0.0, 1.0172526572205243e-06, -0.016214000061154366, 0.0, 0.0]","[1.0, 0.0, 0.0, 0.9003829956054688, 2.0, 0.046041421592235565, 0.6760104894638062, 0.8513514995574951]",0.7645082473754883
2.1500000000000004,104.59001922607422,191.77003479003906,1.9999999494757503e-05,0.0,0.5,"[0.31250131130218506, 0.0, 0.0, 0.999931275844574]","[0.0, 0.0, -3.1957933970261365e-06, 0.00011933333735214546, -0.04100090637803078, 1.0, 0.016333334147930145, -3.1957933970261365e-06, 0.0, 0.0, 1.0172526572205243e-06, -0.016214000061154366, 0.0, 0.0]","[1.0, 0.0, 0.0, 0.9003829956054688, 2.0, 0.046041421592235565, 0.6760104894638062, 0.8513514995574951]",0.7645223736763
2.2,104.59001922607422,191.77003479003906,3.9999998989515007e-05,0.0,0.5,"[0.3125026226043701, 0.0, 0.0, 0.999897837638855]","[0.0, 0.0, -3.1957933970261365e-06, 0.00011933333735214546, -0.04100090637803078, 1.0, 0.016333334147930145, -3.1957933970261365e-06, 0.0, 0.0, 1.0172526572205243e-06, -0.016214000061154366, 0.0, 0.0]","[1.0, 0.0, 0.0, 0.9003829956054688, 2.0, 0.046041421592235565, 0.6760104894638062, 0.8513514995574951]",0.7645310610532761
2.25,104.59001922607422,191.77003479003906,4.999999873689376e-05,0.0,0.5,"[0.31250327825546265, 0.0, 0.0, 0.9999860525131226]","[0.0, 0.0, -3.1957933970261365e-06, 0.00011933333735214546, -0.04100090637803078, 1.0, 0.016333334147930145, -3.1957933970261365e-06, 0.0, 0.0, 1.0172526572205243e-06, -0.016214000061154366, 0.0, 0.0]","[1.0, 0.0, 0.0, 0.9003829956054688, 2.0, 0.046041421592235565, 0.6760104894638062, 0.8513514995574951]",0.7645091712474823
2.3,104.59001922607422,191.77003479003906,4.999999873689376e-05,0.0,0.5,"[0.31250327825546265, 0.0, 0.0, 0.9999924302101135]","[0.0, 0.0, -3.1957933970261365e-06, 0.00011933333735214546, -0.04100090637803078, 1.0, 0.016333334147930145, -3.1957933970261365e-06, 0.0, 0.0, 1.0172526572205243e-06, -0.016214000061154366, 0.0, 0.0]","[1.0, 0.0, 0.0, 0.9003829956054688, 2.0, 0.046041421592235565, 0.6760104894638062, 0.8513514995574951]",0.7645075768232346
2.3499999999999996,104.59001922607422,191.77003479003906,3.9999998989515007e-05,0.0,0.5,"[0.3125026226043701, 0.0, 0.0, 0.9999963045120239]","[0.0, 0.0, -3.1957933970261365e-06, 0.00011933333735214546, -0.04100090637803078, 1.0, 0.016333334147930145, -3.1957933970261365e-06, 0.0, 0.0, 1.0172526572205243e-06, -0.016214000061154366, 0.0, 0.0]","[1.0, 0.0, 0.0, 0.9003829956054688, 2.0, 0.046041421592235565, 0.6760104894638062, 0.8513514995574951]",0.7645064443349838
2.3999999999999995,104.59001922607422,191.77003479003906,3.9999998989515007e-05,0.0,0.5,"[0.3125026226043701, 0.0, 0.0, 0.9999979734420776]","[0.0, 0.0, -3.1957933970261365e-06, 0.00011933333735214546, -0.04100090637803078, 1.0, 0.016333334147930145, -3.1957933970261365e-06, 0.0, 0.0, 1.0172526572205243e-06, -0.016214000061154366, 0.0, 0.0]","[1.0, 0.0, 0.0, 0.9003829956054688, 2.0, 0.046041421592235565, 0.6760104894638062, 0.8513514995574951]",0.7645060271024704
2.4499999999999993,104.59001922607422,191.77003479003906,2.9999999242136255e-05,0.0,0.5,"[0.3125019669532776, 0.0, 0.0, 0.9999979138374329]","[0.0, 0.0, -3.1957933970261365e-06, 0.00011933333735214546, -0.04100090637803078, 1.0, 0.016333334147930145, -3.1957933970261365e-06, 0.0, 0.0, 1.0172526572205243e-06, -0.016214000061154366, 0.0, 0.0]","[1.0, 0.0, 0.0, 0.9003829956054688, 2.0, 0.046041421592235565, 0.6760104894638062, 0.8513514995574951]",0.7645058780908585
2.499999999999999,104.59001922607422,191.77003479003906,2.9999999242136255e-05,0.0,0.5,"[0.3125019669532776, 0.0, 4.3956040940429375e-07, 0.9999993443489075]","[0.0, 0.0, -3.1957933970261365e-06, 0.00011933333735214546, -0.04100090637803078, 1.0, 0.016333334147930145, -3.1957933970261365e-06, 0.0, 0.0, 1.0172526572205243e-06, -0.016214000061154366, 0.0, 0.0]","[1.0, 0.0, 0.0, 0.9003829956054688, 2.0, 0.046041421592235565, 0.6760104894638062, 0.8513514995574951]",0.7645056247711182
2.549999999999999,104.59001922607422,191.77003479003906,0.0,0.0,0.5,"[0.3125, 0.0, 4.3956040940429375e-07, 0.9999783635139465]","[0.0, 0.0, -3.1957933970261365e-06, 0.00011933333735214546, -0.04100090637803078, 1.0, 0.016333334147930145, -3.1957933970261365e-06, 0.0, 0.0, 1.0172526572205243e-06, -0.016214000061154366, 0.0, 0.0]","[1.0, 0.0, 0.0, 0.9003829956054688, 2.0, 0.046041421592235565, 0.6760104894638062, 0.8513514995574951]",0.7645103931427002
2.5999999999999988,104.59001922607422,191.77003479003906,9.999999747378752e-06,0.0,0.5,"[0.31250065565109253, 0.0, 0.0, 0.9999685883522034]","[0.0, 0.0, -3.1957933970261365e-06, 0.00011933333735214546, -0.04100090637803078, 1.0, 0.016333334147930145, -3.1957933970261365e-06, 0.0, 0.0, 1.0172526572205243e-06, -0.016214000061154366, 0.0, 0.0]","[1.0, 0.0, 0.0, 0.9003829956054688, 2.0, 0.046041421592235565, 0.6760104894638062, 0.8513514995574951]",0.7645128816366196
2.6499999999999986,104.59001922607422,191.77003479003906,9.999999747378752e-06,0.0,0.5,"[0.31250065565109253, 0.0, 0.0, 0.9999962449073792]","[0.0, 0.0, -3.1957933970261365e-06, 0.00011933333735214546, -0.04100090637803078, 1.0, 0.016333334147930145, -3.1957933970261365e-06, 0.0, 0.0, 1.0172526572205243e-06, -0.016214000061154366, 0.0, 0.0]","[1.0, 0.0, 0.0, 0.9003829956054688, 2.0, 0.046041421592235565, 0.6760104894638062, 0.8513514995574951]",0.7645059674978256
2.6999999999999984,104.59001922607422,191.77003479003906,9.999999747378752e-06,0.0,0.5,"[0.31250065565109253, 0.0, 0.0, 0.999997079372406]","[0.0, 0.0, -3.1957933970261365e-06, 0.00011933333735214546, -0.04100090637803078, 1.0, 0.016333334147930145, -3.1957933970261365e-06, 0.0, 0.0, 1.0172526572205243e-06, -0.016214000061154366, 0.0, 0.0]","[1.0, 0.0, 0.0, 0.9003829956054688, 2.0, 0.046041421592235565, 0.6760104894638062, 0.8513514995574951]",0.7645057588815689
2.7499999999999982,104.59001922607422,191.77003479003906,9.999999747378752e-06,0.0,0.5,"[0.31250065565109253, 0.0, 0.0, 0.9999998211860657]","[0.0, 0.0, -3.1957933970261365e-06, 0.00011933333735214546, -0.04100090637803078, 1.0, 0.016333334147930145, -3.1957933970261365e-06, 0.0, 0.0, 1.0172526572205243e-06, -0.016214000061154366, 0.0, 0.0]","[1.0, 0.0, 0.0, 0.9003829956054688, 2.0, 0.046041421592235565, 0.6760104894638062, 0.8513514995574951]",0.764505073428154
2.799999999999998,104.59001922607422,191.77003479003906,9.999999747378752e-06,0.0,0.5,"[0.31250065565109253, 0.0, 0.0, 0.9999999403953552]","[0.0, 0.0, -3.1957933970261365e-06, 0.00011933333735214546, -0.04100090637803078, 1.0, 0.016333334147930145, -3.1957933970261365e-06, 0.0, 0.0, 1.0172526572205243e-06, -0.016214000061154366, 0.0, 0.0]","[1.0, 0.0, 0.0, 0.9003829956054688, 2.0, 0.046041421592235565, 0.6760104894638062, 0.8513514995574951]",0.7645050436258316
2.849999999999998,104.59001922607422,191.77003479003906,9.999999747378752e-06,0.0,0.5,"[0.31250065565109253, 0.0, 0.0, 0.9999991655349731]","[0.0, 0.0, -3.1957933970261365e-06, 0.00011933333735214546, -0.04100090637803078, 1.0, 0.016333334147930145, -3.1957933970261365e-06, 0.0, 0.0, 1.0172526572205243e-06, -0.016214000061154366, 0.0, 0.0]","[1.0, 0.0, 0.0, 0.9003829956054688, 2.0, 0.046041421592235565, 0.6760104894638062, 0.8513514995574951]",0.7645052373409271
2.8999999999999977,104.59001922607422,191.77003479003906,9.999999747378752e-06,0.0,0.5,"[0.31250065565109253, 0.0, 0.0, 0.9999991655349731]","[0.0, 0.0, -3.1957933970261365e-06, 0.00011933333735214546, -0.04100090637803078, 1.0, 0.016333334147930145, -3.1957933970261365e-06, 0.0, 0.0, 1.0172526572205243e-06, -0.016214000061154366, 0.0, 0.0]","[1.0, 0.0, 0.0, 0.9003829956054688, 2.0, 0.046041421592235565, 0.6760104894638062, 0.8513514995574951]",0.7645052373409271
2.9499999999999975,104.59001922607422,191.77003479003906,9.999999747378752e-06,0.0,0.5,"[0.31250065565109253, 0.0, 0.0, 0.9999991059303284]","[0.0, 0.0, -3.1957933970261365e-06, 0.00011933333735214546, -0.04100090637803078, 1.0, 0.016333334147930145, -3.1957933970261365e-06, 0.0, 0.0, 1.0172526572205243e-06, -0.016214000061154366, 0.0, 0.0]","[1.0, 0.0, 0.0, 0.9003829956054688, 2.0, 0.046041421592235565, 0.6760104894638062, 0.8513514995574951]",0.7645052522420883
2.9999999999999973,104.59001922607422,191.77003479003906,0.0,0.0,0.5,"[0.3125, 0.0, 0.0, 0.9999973773956299]","[0.0, 0.0, -3.1957933970261365e-06, 0.00011933333735214546, -0.04100090637803078, 1.0, 0.016333334147930145, -3.1957933970261365e-06, 0.0, 0.0, 1.0172526572205243e-06, -0.016214000061154366, 0.0, 0.0]","[1.0, 0.0, 0.0, 0.9003829956054688, 2.0, 0.046041421592235565, 0.6760104894638062, 0.8513514995574951]",0.7645055204629898
3.049999999999997,104.59001922607422,191.77003479003906,0.0,0.0,0.5,"[0.3125, 0.0, 0.0, 0.9999945759773254]","[0.0, 0.0, -3.1957933970261365e-06, 0.00011933333735214546, -0.04100090637803078, 1.0, 0.016333334147930145, -3.1957933970261365e-06, 0.0, 0.0, 1.0172526572205243e-06, -0.016214000061154366, 0.0, 0.0]","[1.0, 0.0, 0.0, 0.9003829956054688, 2.0, 0.046041421592235565, 0.6760104894638062, 0.8513514995574951]",0.7645062208175659
3.099999999999997,104.59001922607422,191.77003479003906,0.0,0.0,0.5,"[0.3125, 0.0, 0.0, 0.9999989867210388]","[0.0, 0.0, -3.1957933970261365e-06, 0.00011933333735214546, -0.04100090637803078, 1.0, 0.016333334147930145, -3.1957933970261365e-06, 0.0, 0.0, 1.0172526572205243e-06, -0.016214000061154366, 0.0, 0.0]","[1.0, 0.0, 0.0, 0.9003829956054688, 2.0, 0.046041421592235565, 0.6760104894638062, 0.8513514995574951]",0.7645051181316376
3.149999999999997,104.59001922607422,191.77003479003906,0.0,0.0,0.5,"[0.3125, 0.0, 0.0, 0.9999997615814209]","[0.0, 0.0, -3.1957933970261365e-06, 0.00011933333735214546, -0.04100090637803078, 1.0, 0.016333334147930145, -3.1957933970261365e-06, 0.0, 0.0, 1.0172526572205243e-06, -0.016214000061154366, 0.0, 0.0]","[1.0, 0.0, 0.0, 0.9003829956054688, 2.0, 0.046041421592235565, 0.6760104894638062, 0.8513514995574951]",0.764504924416542
3.1999999999999966,104.59001922607422,191.77003479003906,0.0,0.0,0.5,"[0.3125, 0.0, 0.0, 0.9999997615814209]","[0.0, 0.0, -3.1957933970261365e-06, 0.00011933333735214546, -0.04100090637803078, 1.0, 0.016333334147930145, -3.1957933970261365e-06, 0.0, 0.0, 1.0172526572205243e-06, -0.016214000061154366, 0.0, 0.0]","[1.0, 0.0, 0.0, 0.9003829956054688, 2.0, 0.046041421592235565, 0.6760104894638062, 0.8513514995574951]",0.764504924416542
3.2499999999999964,104.59001922607422,191.77003479003906,0.0,0.0,0.5,"[0.3125, 0.0, 0.0, 0.9999998807907104]","[0.0, 0.0, -3.1957933970261365e-06, 0.00011933333735214546, -0.04100090637803078, 1.0, 0.016333334147930145, -3.1957933970261365e-06, 0.0, 0.0, 1.0172526572205243e-06, -0.016214000061154366, 0.0, 0.0]","[1.0, 0.0, 0.0, 0.9003829956054688, 2.0, 0.046041421592235565, 0.6760104894638062, 0.8513514995574951]",0.7645048946142197
3.2999999999999963,104.59001922607422,191.77003479003906,0.0,0.0,0.5,"[0.3125, 0.0, 0.0, 0.9999998211860657]","[0.0, 0.0, -3.1957933970261365e-06, 0.00011933333735214546, -0.04100090637803078, 1.0, 0.016333334147930145, -3.1957933970261365e-06, 0.0, 0.0, 1.0172526572205243e-06, -0.016214000061154366, 0.0, 0.0]","[1.0, 0.0, 0.0, 0.9003829956054688, 2.0, 0.046041421592235565, 0.6760104894638062, 0.8513514995574951]",0.7645049095153809
3.349999999999996,104.59001922607422,191.77003479003906,0.0,0.0,0.5,"[0.3125, 0.0, 0.0, 0.9999998807907104]","[0.0, 0.0, -3.1957933970261365e-06, 0.00011933333735214546, -0.04100090637803078, 1.0, 0.016333334147930145, -3.1957933970261365e-06, 0.0, 0.0, 1.0172526572205243e-06, -0.016214000061154366, 0.0, 0.0]","[1.0, 0.0, 0.0, 0.9003829956054688, 2.0, 0.046041421592235565, 0.6760104894638062, 0.8513514995574951]",0.7645048946142197
3.399999999999996,104.59001922607422,191.77003479003906,0.0,0.0,0.5,"[0.3125, 0.0, 0.0, 0.9999973773956299]","[0.0, 0.0, -3.1957933970261365e-06, 0.00011933333735214546, -0.04100090637803078, 1.0, 0.016333334147930145, -3.1957933970261365e-06, 0.0, 0.0, 1.0172526572205243e-06, -0.016214000061154366, 0.0, 0.0]","[1.0, 0.0, 0.0, 0.9003829956054688, 2.0, 0.046041421592235565, 0.6760104894638062, 0.8513514995574951]",0.7645055204629898
3.4499999999999957,104.59001922607422,191.77003479003906,0.0,0.0,0.5,"[0.3125, 0.0, 0.0, 0.9999964833259583]","[0.0, 0.0, -3.1957933970261365e-06, 0.00011933333735214546, -0.04100090637803078, 1.0, 0.016333334147930145, -3.1957933970261365e-06, 0.0, 0.0, 1.0172526572205243e-06, -0.016214000061154366, 0.0, 0.0]","[1.0, 0.0, 0.0, 0.9003829956054688, 2.0, 0.046041421592235565, 0.6760104894638062, 0.8513514995574951]",0.7645057439804077
3.4999999999999956,104.59001922607422,191.77003479003906,0.0,0.0,0.5,"[0.3125, 0.0, 0.0, 1.0]","[0.0, 0.0, -3.1957933970261365e-06, 0.00011933333735214546, -0.04100090637803078, 1.0, 0.016333334147930145, -3.1957933970261365e-06, 0.0, 0.0, 1.0172526572205243e-06, -0.016214000061154366, 0.0, 0.0]","[1.0, 0.0, 0.0, 0.9003829956054688, 2.0, 0.046041421592235565, 0.6760104894638062, 0.8513514995574951]",0.7645048648118973
3.5499999999999954,104.59001922607422,191.77003479003906,0.0,0.0,0.5,"[0.3125, 0.0, 0.0, 1.0]","[0.0, 0.0, -3.1957933970261365e-06, 0.00011933333735214546, -0.04100090637803078, 1.0, 0.016333334147930145, -3.1957933970261365e-06, 0.0, 0.0, 1.0172526572205243e-06, -0.016214000061154366, 0.0, 0.0]","[1.0, 0.0, 0.0, 0.9003829956054688, 2.0, 0.046041421592235565, 0.6760104894638062, 0.8513514995574951]",0.7645048648118973
3.599999999999995,104.59001922607422,191.77003479003906,0.0,0.0,0.5,"[0.3125, 0.0, 0.0, 1.0]","[0.0, 0.0, -3.1957933970261365e-06, 0.00011933333735214546, -0.04100090637803078, 1.0, 0.016333334147930145, -3.1957933970261365e-06, 0.0, 0.0, 1.0172526572205243e-06, -0.016214000061154366, 0.0, 0.0]","[1.0, 0.0, 0.0, 0.9003829956054688, 2.0, 0.046041421592235565, 0.6760104894638062, 0.8513514995574951]",0.7645048648118973
3.649999999999995,104.59001922607422,191.77003479003906,0.0,0.0,0.5,"[0.3125, 0.0, 0.0, 1.0]","[0.0, 0.0, -3.1957933970261365e-06, 0.00011933333735214546, -0.04100090637803078, 1.0, 0.016333334147930145, -3.1957933970261365e-06, 0.0, 0.0, 1.0172526572205243e-06, -0.016214000061154366, 0.0, 0.0]","[1.0, 0.0, 0.0, 0.9003829956054688, 2.0, 0.046041421592235565, 0.6760104894638062, 0.8513514995574951]",0.7645048648118973
3.699999999999995,104.59001922607422,191.77003479003906,0.0,0.0,0.5,"[0.3125, 0.0, 0.0, 0.9999990463256836]","[0.0, 0.0, -3.1957933970261365e-06, 0.00011933333735214546, -0.04100090637803078, 1.0, 0.016333334147930145, -3.1957933970261365e-06, 0.0, 0.0, 1.0172526572205243e-06, -0.016214000061154366, 0.0, 0.0]","[1.0, 0.0, 0.0, 0.9003829956054688, 2.0, 0.046041421592235565, 0.6760104894638062, 0.8513514995574951]",0.7645051032304764
3.7499999999999947,104.59001922607422,191.77003479003906,0.0,0.0,0.5,"[0.3125, 0.0, 0.0, 0.9999991655349731]","[0.0, 0.0, -3.1957933970261365e-06, 0.00011933333735214546, -0.04100090637803078, 1.0, 0.016333334147930145, -3.1957933970261365e-06, 0.0, 0.0, 1.0172526572205243e-06, -0.016214000061154366, 0.0, 0.0]","[1.0, 0.0, 0.0, 0.9003829956054688, 2.0, 0.046041421592235565, 0.6760104894638062, 0.8513514995574951]",0.764505073428154
3.7999999999999945,104.59001922607422,191.77003479003906,0.0,0.0,0.5,"[0.3125, 0.0, 0.0, 1.0]","[0.0, 0.0, -3.1957933970261365e-06, 0.00011933333735214546, -0.04100090637803078, 1.0, 0.016333334147930145, -3.1957933970261365e-06, 0.0, 0.0, 1.0172526572205243e-06, -0.016214000061154366, 0.0, 0.0]","[1.0, 0.0, 0.0, 0.9003829956054688, 2.0, 0.046041421592235565, 0.6760104894638062, 0.8513514995574951]",0.7645048648118973
3.8499999999999943,104.59001922607422,191.77003479003906,0.0,0.0,0.5,"[0.3125, 0.0, 0.0, 0.9999964833259583]","[0.0, 0.0, -3.1957933970261365e-06, 0.00011933333735214546, -0.04100090637803078, 1.0, 0.016333334147930145, -3.1957933970261365e-06, 0.0, 0.0, 1.0172526572205243e-06, -0.016214000061154366, 0.0, 0.0]","[1.0, 0.0, 0.0, 0.9003829956054688, 2.0, 0.046041421592235565, 0.6760104894638062, 0.8513514995574951]",0.7645057439804077
3.899999999999994,104.59001922607422,191.77003479003906,0.0,0.0,0.5,"[0.3125, 0.0, 0.0, 0.9999964833259583]","[0.0, 0.0, -3.1957933970261365e-06, 0.00011933333735214546, -0.04100090637803078, 1.0, 0.016333334147930145, -3.1957933970261365e-06, 0.0, 0.0, 1.0172526572205243e-06, -0.016214000061154366, 0.0, 0.0]","[1.0, 0.0, 0.0, 0.9003829956054688, 2.0, 0.046041421592235565, 0.6760104894638062, 0.8513514995574951]",0.7645057439804077
3.949999999999994,104.59001922607422,191.77003479003906,0.0,0.0,0.5,"[0.3125, 0.0, 0.0, 1.0]","[0.0, 0.0, -3.1957933970261365e-06, 0.00011933333735214546, -0.04100090637803078, 1.0, 0.016333334147930145, -3.1957933970261365e-06, 0.0, 0.0, 1.0172526572205243e-06, -0.016214000061154366, 0.0, 0.0]","[1.0, 0.0, 0.0, 0.9003829956054688, 2.0, 0.046041421592235565, 0.6760104894638062, 0.8513514995574951]",0.7645048648118973
3.999999999999994,104.59001922607422,191.77003479003906,0.0,0.0,0.5,"[0.3125, 0.0, 0.0, 1.0]","[0.0, 0.0, -3.1957933970261365e-06, 0.00011933333735214546, -0.04100090637803078, 1.0, 0.016333334147930145, -3.1957933970261365e-06, 0.0, 0.0, 1.0172526572205243e-06, -0.016214000061154366, 0.0, 0.0]","[1.0, 0.0, 0.0, 0.9003829956054688, 2.0, 0.046041421592235565, 0.6760104894638062, 0.8513514995574951]",0.7645048648118973
4.049999999999994,104.59001922607422,191.77003479003906,0.0,0.0,0.5,"[0.3125, 0.0, 0.0, 0.9999997615814209]","[0.0, 0.0, -3.1957933970261365e-06, 0.00011933333735214546, -0.04100090637803078, 1.0, 0.016333334147930145, -3.1957933970261365e-06, 0.0, 0.0, 1.0172526572205243e-06, -0.016214000061154366, 0.0, 0.0]","[1.0, 0.0, 0.0, 0.9003829956054688, 2.0, 0.046041421592235565, 0.6760104894638062, 0.8513514995574951]",0.764504924416542
4.099999999999993,104.59001922607422,191.77003479003906,0.0,0.0,0.5,"[0.3125, 0.0, 0.0, 0.9999995231628418]","[0.0, 0.0, -3.1957933970261365e-06, 0.00011933333735214546, -0.04100090637803078, 1.0, 0.016333334147930145, -3.1957933970261365e-06, 0.0, 0.0, 1.0172526572205243e-06, -0.016214000061154366, 0.0, 0.0]","[1.0, 0.0, 0.0, 0.9003829956054688, 2.0, 0.046041421592235565, 0.6760104894638062, 0.8513514995574951]",0.7645049840211868
4.149999999999993,104.59001922607422,191.77003479003906,0.0,0.0,0.5,"[0.3125, 0.0, 0.0, 0.9999997615814209]","[0.0, 0.0, -3.1957933970261365e-06, 0.00011933333735214546, -0.04100090637803078, 1.0, 0.016333334147930145, -3.1957933970261365e-06, 0.0, 0.0, 1.0172526572205243e-06, -0.016214000061154366, 0.0, 0.0]","[1.0, 0.0, 0.0, 0.9003829956054688, 2.0, 0.046041421592235565, 0.6760104894638062, 0.8513514995574951]",0.764504924416542
4.199999999999993,104.59001922607422,191.77003479003906,0.0,0.0,0.5,"[0.3125, 0.0, 0.0, 1.0]","[0.0, 0.0, -3.1957933970261365e-06, 0.00011933333735214546, -0.04100090637803078, 1.0, 0.016333334147930145, -3.1957933970261365e-06, 0.0, 0.0, 1.0172526572205243e-06, -0.016214000061154366, 0.0, 0.0]","[1.0, 0.0, 0.0, 0.9003829956054688, 2.0, 0.046041421592235565, 0.6760104894638062, 0.8513514995574951]",0.7645048648118973
4.249999999999993,104.59001922607422,191.77003479003906,0.0,0.0,0.5,"[0.3125, 0.0, 0.0, 0.9999963045120239]","[0.0, 0.0, -3.1957933970261365e-06, 0.00011933333735214546, -0.04100090637803078, 1.0, 0.016333334147930145, -3.1957933970261365e-06, 0.0, 0.0, 1.0172526572205243e-06, -0.016214000061154366, 0.0, 0.0]","[1.0, 0.0, 0.0, 0.9003829956054688, 2.0, 0.046041421592235565, 0.6760104894638062, 0.8513514995574951]",0.7645057886838913
4.299999999999993,104.59001922607422,191.77003479003906,0.0,0.0,0.5,"[0.3125, 0.0, 0.0, 0.9999964833259583]","[0.0, 0.0, -3.1957933970261365e-06, 0.00011933333735214546, -0.04100090637803078, 1.0, 0.016333334147930145, -3.1957933970261365e-06, 0.0, 0.0, 1.0172526572205243e-06, -0.016214000061154366, 0.0, 0.0]","[1.0, 0.0, 0.0, 0.9003829956054688, 2.0, 0.046041421592235565, 0.6760104894638062, 0.8513514995574951]",0.7645057439804077
4.3499999999999925,104.59001922607422,191.77003479003906,0.0,0.0,0.5,"[0.3125, 0.0, 0.0, 1.0]","[0.0, 0.0, -3.1957933970261365e-06, 0.00011933333735214546, -0.04100090637803078, 1.0, 0.016333334147930145, -3.1957933970261365e-06, 0.0, 0.0, 1.0172526572205243e-06, -0.016214000061154366, 0.0, 0.0]","[1.0, 0.0, 0.0, 0.9003829956054688, 2.0, 0.046041421592235565, 0.6760104894638062, 0.8513514995574951]",0.7645048648118973
4.399999999999992,104.59001922607422,191.77003479003906,0.0,0.0,0.5,"[0.3125, 0.0, 0.0, 1.0]","[0.0, 0.0, -3.1957933970261365e-06, 0.00011933333735214546, -0.04100090637803078, 1.0, 0.016333334147930145, -3.1957933970261365e-06, 0.0, 0.0, 1.0172526572205243e-06, -0.016214000061154366, 0.0, 0.0]","[1.0, 0.0, 0.0, 0.9003829956054688, 2.0, 0.046041421592235565, 0.6760104894638062, 0.8513514995574951]",0.7645048648118973
4.449999999999992,104.59001922607422,191.77003479003906,0.0,0.0,0.5,"[0.3125, 0.0, 0.0, 1.0]","[0.0, 0.0, -3.1957933970261365e-06, 0.00011933333735214546, -0.04100090637803078, 1.0, 0.016333334147930145, -3.1957933970261365e-06, 0.0, 0.0, 1.0172526572205243e-06, -0.016214000061154366, 0.0, 0.0]","[1.0, 0.0, 0.0, 0.9003829956054688, 2.0, 0.046041421592235565, 0.6760104894638062, 0.8513514995574951]",0.7645048648118973
4.499999999999992,104.59001922607422,191.77003479003906,0.0,0.0,0.5,"[0.3125, 0.0, 0.0, 1.0]","[0.0, 0.0, -3.1957933970261365e-06, 0.00011933333735214546, -0.04100090637803078, 1.0, 0.016333334147930145, -3.1957933970261365e-06, 0.0, 0.0, 1.0172526572205243e-06, -0.016214000061154366, 0.0, 0.0]","[1.0, 0.0, 0.0, 0.9003829956054688, 2.0, 0.046041421592235565, 0.6760104894638062, 0.8513514995574951]",0.7645048648118973
4.549999999999992,104.59001922607422,191.77003479003906,0.0,0.0,0.5,"[0.3125, 0.0, 0.0, 1.0]","[0.0, 0.0, -3.1957933970261365e-06, 0.00011933333735214546, -0.04100090637803078, 1.0, 0.016333334147930145, -3.1957933970261365e-06, 0.0, 0.0, 1.0172526572205243e-06, -0.016214000061154366, 0.0, 0.0]","[1.0, 0.0, 0.0, 0.9003829956054688, 2.0, 0.046041421592235565, 0.6760104894638062, 0.8513514995574951]",0.7645048648118973
4.599999999999992,104.59001922607422,191.77003479003906,0.0,0.0,0.5,"[0.3125, 0.0, 0.0, 1.0]","[0.0, 0.0, -3.1957933970261365e-06, 0.00011933333735214546, -0.04100090637803078, 1.0, 0.016333334147930145, -3.1957933970261365e-06, 0.0, 0.0, 1.0172526572205243e-06, -0.016214000061154366, 0.0, 0.0]","[1.0, 0.0, 0.0, 0.9003829956054688, 2.0, 0.046041421592235565, 0.6760104894638062, 0.8513514995574951]",0.7645048648118973
4.6499999999999915,104.59001922607422,191.77003479003906,0.0,0.0,0.5,"[0.3125, 0.0, 0.0, 0.9999977946281433]","[0.0, 0.0, -3.1957933970261365e-06, 0.00011933333735214546, -0.04100090637803078, 1.0, 0.016333334147930145, -3.1957933970261365e-06, 0.0, 0.0, 1.0172526572205243e-06, -0.016214000061154366, 0.0, 0.0]","[1.0, 0.0, 0.0, 0.9003829956054688, 2.0, 0.046041421592235565, 0.6760104894638062, 0.8513514995574951]",0.7645054161548615
4.699999999999991,104.59001922607422,191.77003479003906,0.0,0.0,0.5,"[0.3125, 0.0, 0.0, 0.9999977946281433]","[0.0, 0.0, -3.1957933970261365e-06, 0.00011933333735214546, -0.04100090637803078, 1.0, 0.016333334147930145, -3.1957933970261365e-06, 0.0, 0.0, 1.0172526572205243e-06, -0.016214000061154366, 0.0, 0.0]","[1.0, 0.0, 0.0, 0.9003829956054688, 2.0, 0.046041421592235565, 0.6760104894638062, 0.8513514995574951]",0.7645054161548615
4.749999999999991,104.59001922607422,191.77003479003906,0.0,0.0,0.5,"[0.3125, 0.0, 0.0, 1.0]","[0.0, 0.0, -3.1957933970261365e-06, 0.00011933333735214546, -0.04100090637803078, 1.0, 0.016333334147930145, -3.1957933970261365e-06, 0.0, 0.0, 1.0172526572205243e-06, -0.016214000061154366, 0.0, 0.0]","[1.0, 0.0, 0.0, 0.9003829956054688, 2.0, 0.046041421592235565, 0.6760104894638062, 0.8513514995574951]",0.7645048648118973
4.799999999999991,104.59001922607422,191.77003479003906,0.0,0.0,0.5,"[0.3125, 0.0, 0.0, 1.0]","[0.0, 0.0, -3.1957933970261365e-06, 0.00011933333735214546, -0.04100090637803078, 1.0, 0.016333334147930145, -3.1957933970261365e-06, 0.0, 0.0, 1.0172526572205243e-06, -0.016214000061154366, 0.0, 0.0]","[1.0, 0.0, 0.0, 0.9003829956054688, 2.0, 0.046041421592235565, 0.6760104894638062, 0.8513514995574951]",0.7645048648118973
4.849999999999991,104.59001922607422,191.77003479003906,0.0,0.0,0.5,"[0.3125, 0.0, 0.0, 1.0]","[0.0, 0.0, -3.1957933970261365e-06, 0.00011933333735214546, -0.04100090637803078, 1.0, 0.016333334147930145, -3.1957933970261365e-06, 0.0, 0.0, 1.0172526572205243e-06, -0.016214000061154366, 0.0, 0.0]","[1.0, 0.0, 0.0, 0.9003829956054688, 2.0, 0.046041421592235565, 0.6760104894638062, 0.8513514995574951]",0.7645048648118973
4.899999999999991,104.59001922607422,191.77003479003906,0.0,0.0,0.5,"[0.3125, 0.0, 0.0, 1.0]","[0.0, 0.0, -3.1957933970261365e-06, 0.00011933333735214546, -0.04100090637803078, 1.0, 0.016333334147930145, -3.1957933970261365e-06, 0.0, 0.0, 1.0172526572205243e-06, -0.016214000061154366, 0.0, 0.0]","[1.0, 0.0, 0.0, 0.9003829956054688, 2.0, 0.046041421592235565, 0.6760104894638062, 0.8513514995574951]",0.7645048648118973
4.94999999999999,104.59001922607422,191.77003479003906,0.0,0.0,0.5,"[0.3125, 0.0, 0.0, 1.0]","[0.0, 0.0, -3.1957933970261365e-06, 0.00011933333735214546, -0.04100090637803078, 1.0, 0.016333334147930145, -3.1957933970261365e-06, 0.0, 0.0, 1.0172526572205243e-06, -0.016214000061154366, 0.0, 0.0]","[1.0, 0.0, 0.0, 0.9003829956054688, 2.0, 0.046041421592235565, 0.6760104894638062, 0.8513514995574951]",0.7645048648118973
4.99999999999999,104.59001922607422,191.77003479003906,0.0,0.0,0.5,"[0.3125, 0.0, 0.0, 1.0]","[0.0, 0.0, -3.1957933970261365e-06, 0.00011933333735214546, -0.04100090637803078, 1.0, 0.016333334147930145, -3.1957933970261365e-06, 0.0, 0.0, 1.0172526572205243e-06, -0.016214000061154366, 0.0, 0.0]","[1.0, 0.0, 0.0, 0.9003829956054688, 2.0, 0.046041421592235565, 0.6760104894638062, 0.8513514995574951]",0.7645048648118973
5.04999999999999,104.59001922607422,191.77003479003906,0.0,0.0,0.5,"[0.3125, 0.0, 0.0, 1.0]","[0.0, 0.0, -3.1957933970261365e-06, 0.00011933333735214546, -0.04100090637803078, 1.0, 0.016333334147930145, -3.1957933970261365e-06, 0.0, 0.0, 1.0172526572205243e-06, -0.016214000061154366, 0.0, 0.0]","[1.0, 0.0, 0.0, 0.9003829956054688, 2.0, 0.046041421592235565, 0.6760104894638062, 0.8513514995574951]",0.7645048648118973
5.09999999999999,104.59001922607422,191.77003479003906,0.0,0.0,0.5,"[0.3125, 0.0, 0.0, 0.9999977946281433]","[0.0, 0.0, -3.1957933970261365e-06, 0.00011933333735214546, -0.04100090637803078, 1.0, 0.016333334147930145, -3.1957933970261365e-06, 0.0, 0.0, 1.0172526572205243e-06, -0.016214000061154366, 0.0, 0.0]","[1.0, 0.0, 0.0, 0.9003829956054688, 2.0, 0.046041421592235565, 0.6760104894638062, 0.8513514995574951]",0.7645054161548615
5.14999999999999,104.59001922607422,191.77003479003906,0.0,0.0,0.5,"[0.3125, 0.0, 0.0, 0.9999977946281433]","[0.0, 0.0, -3.1957933970261365e-06, 0.00011933333735214546, -0.04100090637803078, 1.0, 0.016333334147930145, -3.1957933970261365e-06, 0.0, 0.0, 1.0172526572205243e-06, -0.016214000061154366, 0.0, 0.0]","[1.0, 0.0, 0.0, 0.9003829956054688, 2.0, 0.046041421592235565, 0.6760104894638062, 0.8513514995574951]",0.7645054161548615
5.1999999999999895,104.59001922607422,191.77003479003906,0.0,0.0,0.5,"[0.3125, 0.0, 0.0, 1.0]","[0.0, 0.0, -3.1957933970261365e-06, 0.00011933333735214546, -0.04100090637803078, 1.0, 0.016333334147930145, -3.1957933970261365e-06, 0.0, 0.0, 1.0172526572205243e-06, -0.016214000061154366, 0.0, 0.0]","[1.0, 0.0, 0.0, 0.9003829956054688, 2.0, 0.046041421592235565, 0.6760104894638062, 0.8513514995574951]",0.7645048648118973
5.249999999999989,104.59001922607422,191.77003479003906,0.0,0.0,0.5,"[0.3125, 0.0, 0.0, 1.0]","[0.0, 0.0, -3.1957933970261365e-06, 0.00011933333735214546, -0.04100090637803078, 1.0, 0.016333334147930145, -3.1957933970261365e-06, 0.0, 0.0, 1.0172526572205243e-06, -0.016214000061154366, 0.0, 0.0]","[1.0, 0.0, 0.0, 0.9003829956054688, 2.0, 0.046041421592235565, 0.6760104894638062, 0.8513514995574951]",0.7645048648118973
5.299999999999989,104.59001922607422,191.77003479003906,0.0,0.0,0.5,"[0.3125, 0.0, 0.0, 1.0]","[0.0, 0.0, -3.1957933970261365e-06, 0.00011933333735214546, -0.04100090637803078, 1.0, 0.016333334147930145, -3.1957933970261365e-06, 0.0, 0.0, 1.0172526572205243e-06, -0.016214000061154366, 0.0, 0.0]","[1.0, 0.0, 0.0, 0.9003829956054688, 2.0, 0.046041421592235565, 0.6760104894638062, 0.8513514995574951]",0.7645048648118973
5.349999999999989,104.59001922607422,191.77003479003906,0.0,0.0,0.5,"[0.3125, 0.0, 0.0, 1.0]","[0.0, 0.0, -3.1957933970261365e-06, 0.00011933333735214546, -0.04100090637803078, 1.0, 0.016333334147930145, -3.1957933970261365e-06, 0.0, 0.0, 1.0172526572205243e-06, -0.016214000061154366, 0.0, 0.0]","[1.0, 0.0, 0.0, 0.9003829956054688, 2.0, 0.046041421592235565, 0.6760104894638062, 0.8513514995574951]",0.7645048648118973
5.399999999999989,104.59001922607422,191.77003479003906,0.0,0.0,0.5,"[0.3125, 0.0, 0.0, 1.0]","[0.0, 0.0, -3.1957933970261365e-06, 0.00011933333735214546, -0.04100090637803078, 1.0, 0.016333334147930145, -3.1957933970261365e-06, 0.0, 0.0, 1.0172526572205243e-06, -0.016214000061154366, 0.0, 0.0]","[1.0, 0.0, 0.0, 0.9003829956054688, 2.0, 0.046041421592235565, 0.6760104894638062, 0.8513514995574951]",0.7645048648118973
5.449999999999989,104.59001922607422,191.77003479003906,0.0,0.0,0.5,"[0.3125, 0.0, 0.0, 1.0]","[0.0, 0.0, -3.1957933970261365e-06, 0.00011933333735214546, -0.04100090637803078, 1.0, 0.016333334147930145, -3.1957933970261365e-06, 0.0, 0.0, 1.0172526572205243e-06, -0.016214000061154366, 0.0, 0.0]","[1.0, 0.0, 0.0, 0.9003829956054688, 2.0, 0.046041421592235565, 0.6760104894638062, 0.8513514995574951]",0.7645048648118973
5.4999999999999885,104.59001922607422,191.77003479003906,0.0,0.0,0.5,"[0.3125, 0.0, 0.0, 0.9999977946281433]","[0.0, 0.0, -3.1957933970261365e-06, 0.00011933333735214546, -0.04100090637803078, 1.0, 0.016333334147930145, -3.1957933970261365e-06, 0.0, 0.0, 1.0172526572205243e-06, -0.016214000061154366, 0.0, 0.0]","[1.0, 0.0, 0.0, 0.9003829956054688, 2.0, 0.046041421592235565, 0.6760104894638062, 0.8513514995574951]",0.7645054161548615
5.549999999999988,104.59001922607422,191.77003479003906,0.0,0.0,0.5,"[0.3125, 0.0, 0.0, 0.9999977946281433]","[0.0, 0.0, -3.1957933970261365e-06, 0.00011933333735214546, -0.04100090637803078, 1.0, 0.016333334147930145, -3.1957933970261365e-06, 0.0, 0.0, 1.0172526572205243e-06, -0.016214000061154366, 0.0, 0.0]","[1.0, 0.0, 0.0, 0.9003829956054688, 2.0, 0.046041421592235565, 0.6760104894638062, 0.8513514995574951]",0.7645054161548615
5.599999999999988,104.59001922607422,191.77003479003906,0.0,0.0,0.5,"[0.3125, 0.0, 0.0, 1.0]","[0.0, 0.0, -3.1957933970261365e-06, 0.00011933333735214546, -0.04100090637803078, 1.0, 0.016333334147930145, -3.1957933970261365e-06, 0.0, 0.0, 1.0172526572205243e-06, -0.016214000061154366, 0.0, 0.0]","[1.0, 0.0, 0.0, 0.9003829956054688, 2.0, 0.046041421592235565, 0.6760104894638062, 0.8513514995574951]",0.7645048648118973
5.649999999999988,104.59001922607422,191.77003479003906,0.0,0.0,0.5,"[0.3125, 0.0, 0.0, 1.0]","[0.0, 0.0, -3.1957933970261365e-06, 0.00011933333735214546, -0.04100090637803078, 1.0, 0.016333334147930145, -3.1957933970261365e-06, 0.0, 0.0, 1.0172526572205243e-06, -0.016214000061154366, 0.0, 0.0]","[1.0, 0.0, 0.0, 0.9003829956054688, 2.0, 0.046041421592235565, 0.6760104894638062, 0.8513514995574951]",0.7645048648118973
5.699999999999988,104.59001922607422,191.77003479003906,0.0,0.0,0.5,"[0.3125, 0.0, 0.0, 1.0]","[0.0, 0.0, -3.1957933970261365e-06, 0.00011933333735214546, -0.04100090637803078, 1.0, 0.016333334147930145, -3.1957933970261365e-06, 0.0, 0.0, 1.0172526572205243e-06, -0.016214000061154366, 0.0, 0.0]","[1.0, 0.0, 0.0, 0.9003829956054688, 2.0, 0.046041421592235565, 0.6760104894638062, 0.8513514995574951]",0.7645048648118973
5.749999999999988,104.59001922607422,191.77003479003906,0.0,0.0,0.5,"[0.3125, 0.0, 0.0, 1.0]","[0.0, 0.0, -3.1957933970261365e-06, 0.00011933333735214546, -0.04100090637803078, 1.0, 0.016333334147930145, -3.1957933970261365e-06, 0.0, 0.0, 1.0172526572205243e-06, -0.016214000061154366, 0.0, 0.0]","[1.0, 0.0, 0.0, 0.9003829956054688, 2.0, 0.046041421592235565, 0.6760104894638062, 0.8513514995574951]",0.7645048648118973
5.799999999999987,104.59001922607422,191.77003479003906,0.0,0.0,0.5,"[0.3125, 0.0, 0.0, 1.0]","[0.0, 0.0, -3.1957933970261365e-06, 0.00011933333735214546, -0.04100090637803078, 1.0, 0.016333334147930145, -3.1957933970261365e-06, 0.0, 0.0, 1.0172526572205243e-06, -0.016214000061154366, 0.0, 0.0]","[1.0, 0.0, 0.0, 0.9003829956054688, 2.0, 0.046041421592235565, 0.6760104894638062, 0.8513514995574951]",0.7645048648118973
5.849999999999987,104.59001922607422,191.77003479003906,0.0,0.0,0.5,"[0.3125, 0.0, 0.0, 1.0]","[0.0, 0.0, -3.1957933970261365e-06, 0.00011933333735214546, -0.04100090637803078, 1.0, 0.016333334147930145, -3.1957933970261365e-06, 0.0, 0.0, 1.0172526572205243e-06, -0.016214000061154366, 0.0, 0.0]","[1.0, 0.0, 0.0, 0.9003829956054688, 2.0, 0.046041421592235565, 0.6760104894638062, 0.8513514995574951]",0.7645048648118973
5.899999999999987,104.59001922607422,191.77003479003906,0.0,0.0,0.5,"[0.3125, 0.0, 0.0, 1.0]","[0.0, 0.0, -3.1957933970261365e-06, 0.00011933333735214546, -0.04100090637803078, 1.0, 0.016333334147930145, -3.1957933970261365e-06, 0.0, 0.0, 1.0172526572205243e-06, -0.016214000061154366, 0.0, 0.0]","[1.0, 0.0, 0.0, 0.9003829956054688, 2.0, 0.046041421592235565, 0.6760104894638062, 0.8513514995574951]",0.7645048648118973
5.949999999999987,104.59001922607422,191.77003479003906,0.0,0.0,0.5,"[0.3125, 0.0, 0.0, 0.9999977946281433]","[0.0, 0.0, -3.1957933970261365e-06, 0.00011933333735214546, -0.04100090637803078, 1.0, 0.016333334147930145, -3.1957933970261365e-06, 0.0, 0.0, 1.0172526572205243e-06, -0.016214000061154366, 0.0, 0.0]","[1.0, 0.0, 0.0, 0.9003829956054688, 2.0, 0.046041421592235565, 0.6760104894638062, 0.8513514995574951]",0.7645054161548615
5.999999999999987,104.59001922607422,191.77003479003906,0.0,0.0,0.5,"[0.3125, 0.0, 0.0, 0.9999978542327881]","[0.0, 0.0, -3.1957933970261365e-06, 0.00011933333735214546, -0.04100090637803078, 1.0, 0.016333334147930145, -3.1957933970261365e-06, 0.0, 0.0, 1.0172526572205243e-06, -0.016214000061154366, 0.0, 0.0]","[1.0, 0.0, 0.0, 0.9003829956054688, 2.0, 0.046041421592235565, 0.6760104894638062, 0.8513514995574951]",0.7645054012537003
6.0499999999999865,104.59001922607422,191.77003479003906,0.0,0.0,0.5,"[0.3125, 0.0, 0.0, 1.0]","[0.0, 0.0, -3.1957933970261365e-06, 0.00011933333735214546, -0.04100090637803078, 1.0, 0.016333334147930145, -3.1957933970261365e-06, 0.0, 0.0, 1.0172526572205243e-06, -0.016214000061154366, 0.0, 0.0]","[1.0, 0.0, 0.0, 0.9003829956054688, 2.0, 0.046041421592235565, 0.6760104894638062, 0.8513514995574951]",0.7645048648118973
6.099999999999986,104.59001922607422,191.77003479003906,0.0,0.0,0.5,"[0.3125, 0.0, 0.0, 1.0]","[0.0, 0.0, -3.1957933970261365e-06, 0.00011933333735214546, -0.04100090637803078, 1.0, 0.016333334147930145, -3.1957933970261365e-06, 0.0, 0.0, 1.0172526572205243e-06, -0.016214000061154366, 0.0, 0.0]","[1.0, 0.0, 0.0, 0.9003829956054688, 2.0, 0.046041421592235565, 0.6760104894638062, 0.8513514995574951]",0.7645048648118973
6.149999999999986,104.59001922607422,191.77003479003906,0.0,0.0,0.5,"[0.3125, 0.0, 0.0, 1.0]","[0.0, 0.0, -3.1957933970261365e-06, 0.00011933333735214546, -0.04100090637803078, 1.0, 0.016333334147930145, -3.1957933970261365e-06, 0.0, 0.0, 1.0172526572205243e-06, -0.016214000061154366, 0.0, 0.0]","[1.0, 0.0, 0.0, 0.9003829956054688, 2.0, 0.046041421592235565, 0.6760104894638062, 0.8513514995574951]",0.7645048648118973
6.199999999999986,104.59001922607422,191.77003479003906,0.0,0.0,0.5,"[0.3125, 0.0, 0.0, 1.0]","[0.0, 0.0, -3.1957933970261365e-06, 0.00011933333735214546, -0.04100090637803078, 1.0, 0.016333334147930145, -3.1957933970261365e-06, 0.0, 0.0, 1.0172526572205243e-06, -0.016214000061154366, 0.0, 0.0]","[1.0, 0.0, 0.0, 0.9003829956054688, 2.0, 0.046041421592235565, 0.6760104894638062, 0.8513514995574951]",0.7645048648118973
6.249999999999986,104.59001922607422,191.77003479003906,0.0,0.0,0.5,"[0.3125, 0.0, 0.0, 1.0]","[0.0, 0.0, -3.1957933970261365e-06, 0.00011933333735214546, -0.04100090637803078, 1.0, 0.016333334147930145, -3.1957933970261365e-06, 0.0, 0.0, 1.0172526572205243e-06, -0.016214000061154366, 0.0, 0.0]","[1.0, 0.0, 0.0, 0.9003829956054688, 2.0, 0.046041421592235565, 0.6760104894638062, 0.8513514995574951]",0.7645048648118973
6.299999999999986,104.59001922607422,191.77003479003906,0.0,0.0,0.5,"[0.3125, 0.0, 0.0, 1.0]","[0.0, 0.0, -3.1957933970261365e-06, 0.00011933333735214546, -0.04100090637803078, 1.0, 0.016333334147930145, -3.1957933970261365e-06, 0.0, 0.0, 1.0172526572205243e-06, -0.016214000061154366, 0.0, 0.0]","[1.0, 0.0, 0.0, 0.9003829956054688, 2.0, 0.046041421592235565, 0.6760104894638062, 0.8513514995574951]",0.7645048648118973
6.349999999999985,104.59001922607422,191.77003479003906,0.0,0.0,0.5,"[0.3125, 0.0, 0.0, 0.9999977946281433]","[0.0, 0.0, -3.1957933970261365e-06, 0.00011933333735214546, -0.04100090637803078, 1.0, 0.016333334147930145, -3.1957933970261365e-06, 0.0, 0.0, 1.0172526572205243e-06, -0.016214000061154366, 0.0, 0.0]","[1.0, 0.0, 0.0, 0.9003829956054688, 2.0, 0.046041421592235565, 0.6760104894638062, 0.8513514995574951]",0.7645054161548615
6.399999999999985,104.59001922607422,191.77003479003906,0.0,0.0,0.5,"[0.3125, 0.0, 0.0, 0.9999977946281433]","[0.0, 0.0, -3.1957933970261365e-06, 0.00011933333735214546, -0.04100090637803078, 1.0, 0.016333334147930145, -3.1957933970261365e-06, 0.0, 0.0, 1.0172526572205243e-06, -0.016214000061154366, 0.0, 0.0]","[1.0, 0.0, 0.0, 0.9003829956054688, 2.0, 0.046041421592235565, 0.6760104894638062, 0.8513514995574951]",0.7645054161548615
6.449999999999985,104.59001922607422,191.77003479003906,0.0,0.0,0.5,"[0.3125, 0.0, 0.0, 1.0]","[0.0, 0.0, -3.1957933970261365e-06, 0.00011933333735214546, -0.04100090637803078, 1.0, 0.016333334147930145, -3.1957933970261365e-06, 0.0, 0.0, 1.0172526572205243e-06, -0.016214000061154366, 0.0, 0.0]","[1.0, 0.0, 0.0, 0.9003829956054688, 2.0, 0.046041421592235565, 0.6760104894638062, 0.8513514995574951]",0.7645048648118973
6.499999999999985,104.59001922607422,191.77003479003906,0.0,0.0,0.5,"[0.3125, 0.0, 0.0, 1.0]","[0.0, 0.0, -3.1957933970261365e-06, 0.00011933333735214546, -0.04100090637803078, 1.0, 0.016333334147930145, -3.1957933970261365e-06, 0.0, 0.0, 1.0172526572205243e-06, -0.016214000061154366, 0.0, 0.0]","[1.0, 0.0, 0.0, 0.9003829956054688, 2.0, 0.046041421592235565, 0.6760104894638062, 0.8513514995574951]",0.7645048648118973
6.549999999999985,104.59001922607422,191.77003479003906,0.0,0.0,0.5,"[0.3125, 0.0, 0.0, 1.0]","[0.0, 0.0, -3.1957933970261365e-06, 0.00011933333735214546, -0.04100090637803078, 1.0, 0.016333334147930145, -3.1957933970261365e-06, 0.0, 0.0, 1.0172526572205243e-06, -0.016214000061154366, 0.0, 0.0]","[1.0, 0.0, 0.0, 0.9003829956054688, 2.0, 0.046041421592235565, 0.6760104894638062, 0.8513514995574951]",0.7645048648118973
6.5999999999999845,104.59001922607422,191.77003479003906,0.0,0.0,0.5,"[0.3125, 0.0, 0.0, 1.0]","[0.0, 0.0, -3.1957933970261365e-06, 0.00011933333735214546, -0.04100090637803078, 1.0, 0.016333334147930145, -3.1957933970261365e-06, 0.0, 0.0, 1.0172526572205243e-06, -0.016214000061154366, 0.0, 0.0]","[1.0, 0.0, 0.0, 0.9003829956054688, 2.0, 0.046041421592235565, 0.6760104894638062, 0.8513514995574951]",0.7645048648118973
6.649999999999984,104.59001922607422,191.77003479003906,0.0,0.0,0.5,"[0.3125, 0.0, 0.0, 1.0]","[0.0, 0.0, -3.1957933970261365e-06, 0.00011933333735214546, -0.04100090637803078, 1.0, 0.016333334147930145, -3.1957933970261365e-06, 0.0, 0.0, 1.0172526572205243e-06, -0.016214000061154366, 0.0, 0.0]","[1.0, 0.0, 0.0, 0.9003829956054688, 2.0, 0.046041421592235565, 0.6760104894638062, 0.8513514995574951]",0.7645048648118973
6.699999999999984,104.59001922607422,191.77003479003906,0.0,0.0,0.5,"[0.3125, 0.0, 0.0, 1.0]","[0.0, 0.0, -3.1957933970261365e-06, 0.00011933333735214546, -0.04100090637803078, 1.0, 0.016333334147930145, -3.1957933970261365e-06, 0.0, 0.0, 1.0172526572205243e-06, -0.016214000061154366, 0.0, 0.0]","[1.0, 0.0, 0.0, 0.9003829956054688, 2.0, 0.046041421592235565, 0.6760104894638062, 0.8513514995574951]",0.7645048648118973
6.749999999999984,104.59001922607422,191.77003479003906,0.0,0.0,0.5,"[0.3125, 0.0, 0.0, 0.9999977946281433]","[0.0, 0.0, -3.1957933970261365e-06, 0.00011933333735214546, -0.04100090637803078, 1.0, 0.016333334147930145, -3.1957933970261365e-06, 0.0, 0.0, 1.0172526572205243e-06, -0.016214000061154366, 0.0, 0.0]","[1.0, 0.0, 0.0, 0.9003829956054688, 2.0, 0.046041421592235565, 0.6760104894638062, 0.8513514995574951]",0.7645054161548615
6.799999999999984,104.59001922607422,191.77003479003906,0.0,0.0,0.5,"[0.3125, 0.0, 0.0, 0.9999978542327881]","[0.0, 0.0, -3.1957933970261365e-06, 0.00011933333735214546, -0.04100090637803078, 1.0, 0.016333334147930145, -3.1957933970261365e-06, 0.0, 0.0, 1.0172526572205243e-06, -0.016214000061154366, 0.0, 0.0]","[1.0, 0.0, 0.0, 0.9003829956054688, 2.0, 0.046041421592235565, 0.6760104894638062, 0.8513514995574951]",0.7645054012537003
6.849999999999984,104.59001922607422,191.77003479003906,0.0,0.0,0.5,"[0.3125, 0.0, 0.0, 1.0]","[0.0, 0.0, -3.1957933970261365e-06, 0.00011933333735214546, -0.04100090637803078, 1.0, 0.016333334147930145, -3.1957933970261365e-06, 0.0, 0.0, 1.0172526572205243e-06, -0.016214000061154366, 0.0, 0.0]","[1.0, 0.0, 0.0, 0.9003829956054688, 2.0, 0.046041421592235565, 0.6760104894638062, 0.8513514995574951]",0.7645048648118973
6.8999999999999835,104.59001922607422,191.77003479003906,0.0,0.0,0.5,"[0.3125, 0.0, 0.0, 1.0]","[0.0, 0.0, -3.1957933970261365e-06, 0.00011933333735214546, -0.04100090637803078, 1.0, 0.016333334147930145, -3.1957933970261365e-06, 0.0, 0.0, 1.0172526572205243e-06, -0.016214000061154366, 0.0, 0.0]","[1.0, 0.0, 0.0, 0.9003829956054688, 2.0, 0.046041421592235565, 0.6760104894638062, 0.8513514995574951]",0.7645048648118973
6.949999999999983,104.59001922607422,191.77003479003906,0.0,0.0,0.5,"[0.3125, 0.0, 0.0, 1.0]","[0.0, 0.0, -3.1957933970261365e-06, 0.00011933333735214546, -0.04100090637803078, 1.0, 0.016333334147930145, -3.1957933970261365e-06, 0.0, 0.0, 1.0172526572205243e-06, -0.016214000061154366, 0.0, 0.0]","[1.0, 0.0, 0.0, 0.9003829956054688, 2.0, 0.046041421592235565, 0.6760104894638062, 0.8513514995574951]",0.7645048648118973
6.999999999999983,104.59001922607422,191.77003479003906,0.0,0.0,0.5,"[0.3125, 0.0, 0.0, 1.0]","[0.0, 0.0, -3.1957933970261365e-06, 0.00011933333735214546, -0.04100090637803078, 1.0, 0.016333334147930145, -3.1957933970261365e-06, 0.0, 0.0, 1.0172526572205243e-06, -0.016214000061154366, 0.0, 0.0]","[1.0, 0.0, 0.0, 0.9003829956054688, 2.0, 0.046041421592235565, 0.6760104894638062, 0.8513514995574951]",0.7645048648118973
7.049999999999983,104.59001922607422,191.77003479003906,0.0,0.0,0.5,"[0.3125, 0.0, 0.0, 1.0]","[0.0, 0.0, -3.1957933970261365e-06, 0.00011933333735214546, -0.04100090637803078, 1.0, 0.016333334147930145, -3.1957933970261365e-06, 0.0, 0.0, 1.0172526572205243e-06, -0.016214000061154366, 0.0, 0.0]","[1.0, 0.0, 0.0, 0.9003829956054688, 2.0, 0.046041421592235565, 0.6760104894638062, 0.8513514995574951]",0.7645048648118973
7.099999999999983,104.59001922607422,191.77003479003906,0.0,0.0,0.5,"[0.3125, 0.0, 0.0, 1.0]","[0.0, 0.0, -3.1957933970261365e-06, 0.00011933333735214546, -0.04100090637803078, 1.0, 0.016333334147930145, -3.1957933970261365e-06, 0.0, 0.0, 1.0172526572205243e-06, -0.016214000061154366, 0.0, 0.0]","[1.0, 0.0, 0.0, 0.9003829956054688, 2.0, 0.046041421592235565, 0.6760104894638062, 0.8513514995574951]",0.7645048648118973
7.149999999999983,104.59001922607422,191.77003479003906,0.0,0.0,0.5,"[0.3125, 0.0, 0.0, 1.0]","[0.0, 0.0, -3.1957933970261365e-06, 0.00011933333735214546, -0.04100090637803078, 1.0, 0.016333334147930145, -3.1957933970261365e-06, 0.0, 0.0, 1.0172526572205243e-06, -0.016214000061154366, 0.0, 0.0]","[1.0, 0.0, 0.0, 0.9003829956054688, 2.0, 0.046041421592235565, 0.6760104894638062, 0.8513514995574951]",0.7645048648118973
7.199999999999982,104.59001922607422,191.77003479003906,0.0,0.0,0.5,"[0.3125, 0.0, 0.0, 0.9999977946281433]","[0.0, 0.0, -3.1957933970261365e-06, 0.00011933333735214546, -0.04100090637803078, 1.0, 0.016333334147930145, -3.1957933970261365e-06, 0.0, 0.0, 1.0172526572205243e-06, -0.016214000061154366, 0.0, 0.0]","[1.0, 0.0, 0.0, 0.9003829956054688, 2.0, 0.046041421592235565, 0.6760104894638062, 0.8513514995574951]",0.7645054161548615
7.249999999999982,104.59001922607422,191.77003479003906,0.0,0.0,0.5,"[0.3125, 0.0, 0.0, 0.9999977946281433]","[0.0, 0.0, -3.1957933970261365e-06, 0.00011933333735214546, -0.04100090637803078, 1.0, 0.016333334147930145, -3.1957933970261365e-06, 0.0, 0.0, 1.0172526572205243e-06, -0.016214000061154366, 0.0, 0.0]","[1.0, 0.0, 0.0, 0.9003829956054688, 2.0, 0.046041421592235565, 0.6760104894638062, 0.8513514995574951]",0.7645054161548615
7.299999999999982,104.59001922607422,191.77003479003906,0.0,0.0,0.5,"[0.3125, 0.0, 0.0, 1.0]","[0.0, 0.0, -3.1957933970261365e-06, 0.00011933333735214546, -0.04100090637803078, 1.0, 0.016333334147930145, -3.1957933970261365e-06, 0.0, 0.0, 1.0172526572205243e-06, -0.016214000061154366, 0.0, 0.0]","[1.0, 0.0, 0.0, 0.9003829956054688, 2.0, 0.046041421592235565, 0.6760104894638062, 0.8513514995574951]",0.7645048648118973
7.349999999999982,104.59001922607422,191.77003479003906,0.0,0.0,0.5,"[0.3125, 0.0, 0.0, 1.0]","[0.0, 0.0, -3.1957933970261365e-06, 0.00011933333735214546, -0.04100090637803078, 1.0, 0.016333334147930145, -3.1957933970261365e-06, 0.0, 0.0, 1.0172526572205243e-06, -0.016214000061154366, 0.0, 0.0]","[1.0, 0.0, 0.0, 0.9003829956054688, 2.0, 0.046041421592235565, 0.6760104894638062, 0.8513514995574951]",0.7645048648118973
7.399999999999982,104.59001922607422,191.77003479003906,0.0,0.0,0.5,"[0.3125, 0.0, 0.0, 1.0]","[0.0, 0.0, -3.1957933970261365e-06, 0.00011933333735214546, -0.04100090637803078, 1.0, 0.016333334147930145, -3.1957933970261365e-06, 0.0, 0.0, 1.0172526572205243e-06, -0.016214000061154366, 0.0, 0.0]","[1.0, 0.0, 0.0, 0.9003829956054688, 2.0, 0.046041421592235565, 0.6760104894638062, 0.8513514995574951]",0.7645048648118973
7.4499999999999815,104.59001922607422,191.77003479003906,0.0,0.0,0.5,"[0.3125, 0.0, 0.0, 1.0]","[0.0, 0.0, -3.1957933970261365e-06, 0.00011933333735214546, -0.04100090637803078, 1.0, 0.016333334147930145, -3.1957933970261365e-06, 0.0, 0.0, 1.0172526572205243e-06, -0.016214000061154366, 0.0, 0.0]","[1.0, 0.0, 0.0, 0.9003829956054688, 2.0, 0.046041421592235565, 0.6760104894638062, 0.8513514995574951]",0.7645048648118973
7.499999999999981,104.59001922607422,191.77003479003906,0.0,0.0,0.5,"[0.3125, 0.0, 0.0, 1.0]","[0.0, 0.0, -3.1957933970261365e-06, 0.00011933333735214546, -0.04100090637803078, 1.0, 0.016333334147930145, -3.1957933970261365e-06, 0.0, 0.0, 1.0172526572205243e-06, -0.016214000061154366, 0.0, 0.0]","[1.0, 0.0, 0.0, 0.9003829956054688, 2.0, 0.046041421592235565, 0.6760104894638062, 0.8513514995574951]",0.7645048648118973
7.549999999999981,104.59001922607422,191.77003479003906,0.0,0.0,0.5,"[0.3125, 0.0, 0.0, 1.0]","[0.0, 0.0, -3.1957933970261365e-06, 0.00011933333735214546, -0.04100090637803078, 1.0, 0.016333334147930145, -3.1957933970261365e-06, 0.0, 0.0, 1.0172526572205243e-06, -0.016214000061154366, 0.0, 0.0]","[1.0, 0.0, 0.0, 0.9003829956054688, 2.0, 0.046041421592235565, 0.6760104894638062, 0.8513514995574951]",0.7645048648118973
7.599999999999981,104.59001922607422,191.77003479003906,0.0,0.0,0.5,"[0.3125, 0.0, 0.0, 0.9999977946281433]","[0.0, 0.0, -3.1957933970261365e-06, 0.00011933333735214546, -0.04100090637803078, 1.0, 0.016333334147930145, -3.1957933970261365e-06, 0.0, 0.0, 1.0172526572205243e-06, -0.016214000061154366, 0.0, 0.0]","[1.0, 0.0, 0.0, 0.9003829956054688, 2.0, 0.046041421592235565, 0.6760104894638062, 0.8513514995574951]",0.7645054161548615
7.649999999999981,104.59001922607422,191.77003479003906,0.0,0.0,0.5,"[0.3125, 0.0, 0.0, 0.9999978542327881]","[0.0, 0.0, -3.1957933970261365e-06, 0.00011933333735214546, -0.04100090637803078, 1.0, 0.016333334147930145, -3.1957933970261365e-06, 0.0, 0.0, 1.0172526572205243e-06, -0.016214000061154366, 0.0, 0.0]","[1.0, 0.0, 0.0, 0.9003829956054688, 2.0, 0.046041421592235565, 0.6760104894638062, 0.8513514995574951]",0.7645054012537003
7.699999999999981,104.59001922607422,191.77003479003906,0.0,0.0,0.5,"[0.3125, 0.0, 0.0, 1.0]","[0.0, 0.0, -3.1957933970261365e-06, 0.00011933333735214546, -0.04100090637803078, 1.0, 0.016333334147930145, -3.1957933970261365e-06, 0.0, 0.0, 1.0172526572205243e-06, -0.016214000061154366, 0.0, 0.0]","[1.0, 0.0, 0.0, 0.9003829956054688, 2.0, 0.046041421592235565, 0.6760104894638062, 0.8513514995574951]",0.7645048648118973
7.7499999999999805,104.59001922607422,191.77003479003906,0.0,0.0,0.5,"[0.3125, 0.0, 0.0, 1.0]","[0.0, 0.0, -3.1957933970261365e-06, 0.00011933333735214546, -0.04100090637803078, 1.0, 0.016333334147930145, -3.1957933970261365e-06, 0.0, 0.0, 1.0172526572205243e-06, -0.016214000061154366, 0.0, 0.0]","[1.0, 0.0, 0.0, 0.9003829956054688, 2.0, 0.046041421592235565, 0.6760104894638062, 0.8513514995574951]",0.7645048648118973
7.79999999999998,104.59001922607422,191.77003479003906,0.0,0.0,0.5,"[0.3125, 0.0, 0.0, 1.0]","[0.0, 0.0, -3.1957933970261365e-06, 0.00011933333735214546, -0.04100090637803078, 1.0, 0.016333334147930145, -3.1957933970261365e-06, 0.0, 0.0, 1.0172526572205243e-06, -0.016214000061154366, 0.0, 0.0]","[1.0, 0.0, 0.0, 0.9003829956054688, 2.0, 0.046041421592235565, 0.6760104894638062, 0.8513514995574951]",0.7645048648118973
7.84999999999998,104.59001922607422,191.77003479003906,0.0,0.0,0.5,"[0.3125, 0.0, 0.0, 1.0]","[0.0, 0.0, -3.1957933970261365e-06, 0.00011933333735214546, -0.04100090637803078, 1.0, 0.016333334147930145, -3.1957933970261365e-06, 0.0, 0.0, 1.0172526572205243e-06, -0.016214000061154366, 0.0, 0.0]","[1.0, 0.0, 0.0, 0.9003829956054688, 2.0, 0.046041421592235565, 0.6760104894638062, 0.8513514995574951]",0.7645048648118973
7.89999999999998,104.59001922607422,191.77003479003906,0.0,0.0,0.5,"[0.3125, 0.0, 0.0, 1.0]","[0.0, 0.0, -3.1957933970261365e-06, 0.00011933333735214546, -0.04100090637803078, 1.0, 0.016333334147930145, -3.1957933970261365e-06, 0.0, 0.0, 1.0172526572205243e-06, -0.016214000061154366, 0.0, 0.0]","[1.0, 0.0, 0.0, 0.9003829956054688, 2.0, 0.046041421592235565, 0.6760104894638062, 0.8513514995574951]",0.7645048648118973
7.94999999999998,104.59001922607422,191.77003479003906,0.0,0.0,0.5,"[0.3125, 0.0, 0.0, 1.0]","[0.0, 0.0, -3.1957933970261365e-06, 0.00011933333735214546, -0.04100090637803078, 1.0, 0.016333334147930145, -3.1957933970261365e-06, 0.0, 0.0, 1.0172526572205243e-06, -0.016214000061154366, 0.0, 0.0]","[1.0, 0.0, 0.0, 0.9003829956054688, 2.0, 0.046041421592235565, 0.6760104894638062, 0.8513514995574951]",0.7645048648118973
7.99999999999998,104.59001922607422,191.77003479003906,0.0,0.0,0.5,"[0.3125, 0.0, 0.0, 1.0]","[0.0, 0.0, -3.1957933970261365e-06, 0.00011933333735214546, -0.04100090637803078, 1.0, 0.016333334147930145, -3.1957933970261365e-06, 0.0, 0.0, 1.0172526572205243e-06, -0.016214000061154366, 0.0, 0.0]","[1.0, 0.0, 0.0, 0.9003829956054688, 2.0, 0.046041421592235565, 0.6760104894638062, 0.8513514995574951]",0.7645048648118973
8.04999999999998,104.59001922607422,191.77003479003906,0.0,0.0,0.5,"[0.3125, 0.0, 0.0, 0.9999977946281433]","[0.0, 0.0, -3.1957933970261365e-06, 0.00011933333735214546, -0.04100090637803078, 1.0, 0.016333334147930145, -3.1957933970261365e-06, 0.0, 0.0, 1.0172526572205243e-06, -0.016214000061154366, 0.0, 0.0]","[1.0, 0.0, 0.0, 0.9003829956054688, 2.0, 0.046041421592235565, 0.6760104894638062, 0.8513514995574951]",0.7645054161548615
8.09999999999998,104.59001922607422,191.77003479003906,0.0,0.0,0.5,"[0.3125, 0.0, 0.0, 0.9999977946281433]","[0.0, 0.0, -3.1957933970261365e-06, 0.00011933333735214546, -0.04100090637803078, 1.0, 0.016333334147930145, -3.1957933970261365e-06, 0.0, 0.0, 1.0172526572205243e-06, -0.016214000061154366, 0.0, 0.0]","[1.0, 0.0, 0.0, 0.9003829956054688, 2.0, 0.046041421592235565, 0.6760104894638062, 0.8513514995574951]",0.7645054161548615
8.14999999999998,104.59001922607422,191.77003479003906,0.0,0.0,0.5,"[0.3125, 0.0, 0.0, 1.0]","[0.0, 0.0, -3.1957933970261365e-06, 0.00011933333735214546, -0.04100090637803078, 1.0, 0.016333334147930145, -3.1957933970261365e-06, 0.0, 0.0, 1.0172526572205243e-06, -0.016214000061154366, 0.0, 0.0]","[1.0, 0.0, 0.0, 0.9003829956054688, 2.0, 0.046041421592235565, 0.6760104894638062, 0.8513514995574951]",0.7645048648118973
8.199999999999982,104.59001922607422,191.77003479003906,0.0,0.0,0.5,"[0.3125, 0.0, 0.0, 1.0]","[0.0, 0.0, -3.1957933970261365e-06, 0.00011933333735214546, -0.04100090637803078, 1.0, 0.016333334147930145, -3.1957933970261365e-06, 0.0, 0.0, 1.0172526572205243e-06, -0.016214000061154366, 0.0, 0.0]","[1.0, 0.0, 0.0, 0.9003829956054688, 2.0, 0.046041421592235565, 0.6760104894638062, 0.8513514995574951]",0.7645048648118973
8.249999999999982,104.59001922607422,191.77003479003906,0.0,0.0,0.5,"[0.3125, 0.0, 0.0, 1.0]","[0.0, 0.0, -3.1957933970261365e-06, 0.00011933333735214546, -0.04100090637803078, 1.0, 0.016333334147930145, -3.1957933970261365e-06, 0.0, 0.0, 1.0172526572205243e-06, -0.016214000061154366, 0.0, 0.0]","[1.0, 0.0, 0.0, 0.9003829956054688, 2.0, 0.046041421592235565, 0.6760104894638062, 0.8513514995574951]",0.7645048648118973
8.299999999999983,104.59001922607422,191.77003479003906,0.0,0.0,0.5,"[0.3125, 0.0, 0.0, 1.0]","[0.0, 0.0, -3.1957933970261365e-06, 0.00011933333735214546, -0.04100090637803078, 1.0, 0.016333334147930145, -3.1957933970261365e-06, 0.0, 0.0, 1.0172526572205243e-06, -0.016214000061154366, 0.0, 0.0]","[1.0, 0.0, 0.0, 0.9003829956054688, 2.0, 0.046041421592235565, 0.6760104894638062, 0.8513514995574951]",0.7645048648118973
8.349999999999984,104.59001922607422,191.77003479003906,0.0,0.0,0.5,"[0.3125, 0.0, 0.0, 1.0]","[0.0, 0.0, -3.1957933970261365e-06, 0.00011933333735214546, -0.04100090637803078, 1.0, 0.016333334147930145, -3.1957933970261365e-06, 0.0, 0.0, 1.0172526572205243e-06, -0.016214000061154366, 0.0, 0.0]","[1.0, 0.0, 0.0, 0.9003829956054688, 2.0, 0.046041421592235565, 0.6760104894638062, 0.8513514995574951]",0.7645048648118973
8.399999999999984,104.59001922607422,191.77003479003906,0.0,0.0,0.5,"[0.3125, 0.0, 0.0, 1.0]","[0.0, 0.0, -3.1957933970261365e-06, 0.00011933333735214546, -0.04100090637803078, 1.0, 0.016333334147930145, -3.1957933970261365e-06, 0.0, 0.0, 1.0172526572205243e-06, -0.016214000061154366, 0.0, 0.0]","[1.0, 0.0, 0.0, 0.9003829956054688, 2.0, 0.046041421592235565, 0.6760104894638062, 0.8513514995574951]",0.7645048648118973
8.449999999999985,104.59001922607422,191.77003479003906,0.0,0.0,0.5,"[0.3125, 0.0, 0.0, 0.9999977946281433]","[0.0, 0.0, -3.1957933970261365e-06, 0.00011933333735214546, -0.04100090637803078, 1.0, 0.016333334147930145, -3.1957933970261365e-06, 0.0, 0.0, 1.0172526572205243e-06, -0.016214000061154366, 0.0, 0.0]","[1.0, 0.0, 0.0, 0.9003829956054688, 2.0, 0.046041421592235565, 0.6760104894638062, 0.8513514995574951]",0.7645054161548615
8.499999999999986,104.59001922607422,191.77003479003906,0.0,0.0,0.5,"[0.3125, 0.0, 0.0, 0.9999977946281433]","[0.0, 0.0, -3.1957933970261365e-06, 0.00011933333735214546, -0.04100090637803078, 1.0, 0.016333334147930145, -3.1957933970261365e-06, 0.0, 0.0, 1.0172526572205243e-06, -0.016214000061154366, 0.0, 0.0]","[1.0, 0.0, 0.0, 0.9003829956054688, 2.0, 0.046041421592235565, 0.6760104894638062, 0.8513514995574951]",0.7645054161548615
8.549999999999986,104.59001922607422,191.77003479003906,0.0,0.0,0.5,"[0.3125, 0.0, 0.0, 1.0]","[0.0, 0.0, -3.1957933970261365e-06, 0.00011933333735214546, -0.04100090637803078, 1.0, 0.016333334147930145, -3.1957933970261365e-06, 0.0, 0.0, 1.0172526572205243e-06, -0.016214000061154366, 0.0, 0.0]","[1.0, 0.0, 0.0, 0.9003829956054688, 2.0, 0.046041421592235565, 0.6760104894638062, 0.8513514995574951]",0.7645048648118973
8.599999999999987,104.59001922607422,191.77003479003906,0.0,0.0,0.5,"[0.3125, 0.0, 0.0, 1.0]","[0.0, 0.0, -3.1957933970261365e-06, 0.00011933333735214546, -0.04100090637803078, 1.0, 0.016333334147930145, -3.1957933970261365e-06, 0.0, 0.0, 1.0172526572205243e-06, -0.016214000061154366, 0.0, 0.0]","[1.0, 0.0, 0.0, 0.9003829956054688, 2.0, 0.046041421592235565, 0.6760104894638062, 0.8513514995574951]",0.7645048648118973
8.649999999999988,104.59001922607422,191.77003479003906,0.0,0.0,0.5,"[0.3125, 0.0, 0.0, 1.0]","[0.0, 0.0, -3.1957933970261365e-06, 0.00011933333735214546, -0.04100090637803078, 1.0, 0.016333334147930145, -3.1957933970261365e-06, 0.0, 0.0, 1.0172526572205243e-06, -0.016214000061154366, 0.0, 0.0]","[1.0, 0.0, 0.0, 0.9003829956054688, 2.0, 0.046041421592235565, 0.6760104894638062, 0.8513514995574951]",0.7645048648118973
8.699999999999989,104.59001922607422,191.77003479003906,0.0,0.0,0.5,"[0.3125, 0.0, 0.0, 1.0]","[0.0, 0.0, -3.1957933970261365e-06, 0.00011933333735214546, -0.04100090637803078, 1.0, 0.016333334147930145, -3.1957933970261365e-06, 0.0, 0.0, 1.0172526572205243e-06, -0.016214000061154366, 0.0, 0.0]","[1.0, 0.0, 0.0, 0.9003829956054688, 2.0, 0.046041421592235565, 0.6760104894638062, 0.8513514995574951]",0.7645048648118973
8.74999999999999,104.59001922607422,191.77003479003906,0.0,0.0,0.5,"[0.3125, 0.0, 0.0, 1.0]","[0.0, 0.0, -3.1957933970261365e-06, 0.00011933333735214546, -0.04100090637803078, 1.0, 0.016333334147930145, -3.1957933970261365e-06, 0.0, 0.0, 1.0172526572205243e-06, -0.016214000061154366, 0.0, 0.0]","[1.0, 0.0, 0.0, 0.9003829956054688, 2.0, 0.046041421592235565, 0.6760104894638062, 0.8513514995574951]",0.7645048648118973
8.79999999999999,104.59001922607422,191.77003479003906,0.0,0.0,0.5,"[0.3125, 0.0, 0.0, 1.0]","[0.0, 0.0, -3.1957933970261365e-06, 0.00011933333735214546, -0.04100090637803078, 1.0, 0.016333334147930145, -3.1957933970261365e-06, 0.0, 0.0, 1.0172526572205243e-06, -0.016214000061154366, 0.0, 0.0]","[1.0, 0.0, 0.0, 0.9003829956054688, 2.0, 0.046041421592235565, 0.6760104894638062, 0.8513514995574951]",0.7645048648118973
8.84999999999999,104.59001922607422,191.77003479003906,0.0,0.0,0.5,"[0.3125, 0.0, 0.0, 0.9999977946281433]","[0.0, 0.0, -3.1957933970261365e-06, 0.00011933333735214546, -0.04100090637803078, 1.0, 0.016333334147930145, -3.1957933970261365e-06, 0.0, 0.0, 1.0172526572205243e-06, -0.016214000061154366, 0.0, 0.0]","[1.0, 0.0, 0.0, 0.9003829956054688, 2.0, 0.046041421592235565, 0.6760104894638062, 0.8513514995574951]",0.7645054161548615
8.899999999999991,104.59001922607422,191.77003479003906,0.0,0.0,0.5,"[0.3125, 0.0, 0.0, 0.9999978542327881]","[0.0, 0.0, -3.1957933970261365e-06, 0.00011933333735214546, -0.04100090637803078, 1.0, 0.016333334147930145, -3.1957933970261365e-06, 0.0, 0.0, 1.0172526572205243e-06, -0.016214000061154366, 0.0, 0.0]","[1.0, 0.0, 0.0, 0.9003829956054688, 2.0, 0.046041421592235565, 0.6760104894638062, 0.8513514995574951]",0.7645054012537003
8.949999999999992,104.59001922607422,191.77003479003906,0.0,0.0,0.5,"[0.3125, 0.0, 0.0, 1.0]","[0.0, 0.0, -3.1957933970261365e-06, 0.00011933333735214546, -0.04100090637803078, 1.0, 0.016333334147930145, -3.1957933970261365e-06, 0.0, 0.0, 1.0172526572205243e-06, -0.016214000061154366, 0.0, 0.0]","[1.0, 0.0, 0.0, 0.9003829956054688, 2.0, 0.046041421592235565, 0.6760104894638062, 0.8513514995574951]",0.7645048648118973
8.999999999999993,104.59001922607422,191.77003479003906,0.0,0.0,0.5,"[0.3125, 0.0, 0.0, 1.0]","[0.0, 0.0, -3.1957933970261365e-06, 0.00011933333735214546, -0.04100090637803078, 1.0, 0.016333334147930145, -3.1957933970261365e-06, 0.0, 0.0, 1.0172526572205243e-06, -0.016214000061154366, 0.0, 0.0]","[1.0, 0.0, 0.0, 0.9003829956054688, 2.0, 0.046041421592235565, 0.6760104894638062, 0.8513514995574951]",0.7645048648118973
9.049999999999994,104.59001922607422,191.77003479003906,0.0,0.0,0.5,"[0.3125, 0.0, 0.0, 1.0]","[0.0, 0.0, -3.1957933970261365e-06, 0.00011933333735214546, -0.04100090637803078, 1.0, 0.016333334147930145, -3.1957933970261365e-06, 0.0, 0.0, 1.0172526572205243e-06, -0.016214000061154366, 0.0, 0.0]","[1.0, 0.0, 0.0, 0.9003829956054688, 2.0, 0.046041421592235565, 0.6760104894638062, 0.8513514995574951]",0.7645048648118973
9.099999999999994,104.59001922607422,191.77003479003906,0.0,0.0,0.5,"[0.3125, 0.0, 0.0, 1.0]","[0.0, 0.0, -3.1957933970261365e-06, 0.00011933333735214546, -0.04100090637803078, 1.0, 0.016333334147930145, -3.1957933970261365e-06, 0.0, 0.0, 1.0172526572205243e-06, -0.016214000061154366, 0.0, 0.0]","[1.0, 0.0, 0.0, 0.9003829956054688, 2.0, 0.046041421592235565, 0.6760104894638062, 0.8513514995574951]",0.7645048648118973
9.149999999999995,104.59001922607422,191.77003479003906,0.0,0.0,0.5,"[0.3125, 0.0, 0.0, 1.0]","[0.0, 0.0, -3.1957933970261365e-06, 0.00011933333735214546, -0.04100090637803078, 1.0, 0.016333334147930145, -3.1957933970261365e-06, 0.0, 0.0, 1.0172526572205243e-06, -0.016214000061154366, 0.0, 0.0]","[1.0, 0.0, 0.0, 0.9003829956054688, 2.0, 0.046041421592235565, 0.6760104894638062, 0.8513514995574951]",0.7645048648118973
9.199999999999996,104.59001922607422,191.77003479003906,0.0,0.0,0.5,"[0.3125, 0.0, 0.0, 1.0]","[0.0, 0.0, -3.1957933970261365e-06, 0.00011933333735214546, -0.04100090637803078, 1.0, 0.016333334147930145, -3.1957933970261365e-06, 0.0, 0.0, 1.0172526572205243e-06, -0.016214000061154366, 0.0, 0.0]","[1.0, 0.0, 0.0, 0.9003829956054688, 2.0, 0.046041421592235565, 0.6760104894638062, 0.8513514995574951]",0.7645048648118973
9.249999999999996,104.59001922607422,191.77003479003906,0.0,0.0,0.5,"[0.3125, 0.0, 0.0, 1.0]","[0.0, 0.0, -3.1957933970261365e-06, 0.00011933333735214546, -0.04100090637803078, 1.0, 0.016333334147930145, -3.1957933970261365e-06, 0.0, 0.0, 1.0172526572205243e-06, -0.016214000061154366, 0.0, 0.0]","[1.0, 0.0, 0.0, 0.9003829956054688, 2.0, 0.046041421592235565, 0.6760104894638062, 0.8513514995574951]",0.7645048648118973
9.299999999999997,104.59001922607422,191.77003479003906,0.0,0.0,0.5,"[0.3125, 0.0, 0.0, 0.9999977946281433]","[0.0, 0.0, -3.1957933970261365e-06, 0.00011933333735214546, -0.04100090637803078, 1.0, 0.016333334147930145, -3.1957933970261365e-06, 0.0, 0.0, 1.0172526572205243e-06, -0.016214000061154366, 0.0, 0.0]","[1.0, 0.0, 0.0, 0.9003829956054688, 2.0, 0.046041421592235565, 0.6760104894638062, 0.8513514995574951]",0.7645054161548615
9.349999999999998,104.59001922607422,191.77003479003906,0.0,0.0,0.5,"[0.3125, 0.0, 0.0, 0.9999977946281433]","[0.0, 0.0, -3.1957933970261365e-06, 0.00011933333735214546, -0.04100090637803078, 1.0, 0.016333334147930145, -3.1957933970261365e-06, 0.0, 0.0, 1.0172526572205243e-06, -0.016214000061154366, 0.0, 0.0]","[1.0, 0.0, 0.0, 0.9003829956054688, 2.0, 0.046041421592235565, 0.6760104894638062, 0.8513514995574951]",0.7645054161548615
9.399999999999999,104.59001922607422,191.77003479003906,0.0,0.0,0.5,"[0.3125, 0.0, 0.0, 1.0]","[0.0, 0.0, -3.1957933970261365e-06, 0.00011933333735214546, -0.04100090637803078, 1.0, 0.016333334147930145, -3.1957933970261365e-06, 0.0, 0.0, 1.0172526572205243e-06, -0.016214000061154366, 0.0, 0.0]","[1.0, 0.0, 0.0, 0.9003829956054688, 2.0, 0.046041421592235565, 0.6760104894638062, 0.8513514995574951]",0.7645048648118973
9.45,104.59001922607422,191.77003479003906,0.0,0.0,0.5,"[0.3125, 0.0, 0.0, 1.0]","[0.0, 0.0, -3.1957933970261365e-06, 0.00011933333735214546, -0.04100090637803078, 1.0, 0.016333334147930145, -3.1957933970261365e-06, 0.0, 0.0, 1.0172526572205243e-06, -0.016214000061154366, 0.0, 0.0]","[1.0, 0.0, 0.0, 0.9003829956054688, 2.0, 0.046041421592235565, 0.6760104894638062, 0.8513514995574951]",0.7645048648118973
9.5,104.59001922607422,191.77003479003906,0.0,0.0,0.5,"[0.3125, 0.0, 0.0, 1.0]","[0.0, 0.0, -3.1957933970261365e-06, 0.00011933333735214546, -0.04100090637803078, 1.0, 0.016333334147930145, -3.1957933970261365e-06, 0.0, 0.0, 1.0172526572205243e-06, -0.016214000061154366, 0.0, 0.0]","[1.0, 0.0, 0.0, 0.9003829956054688, 2.0, 0.046041421592235565, 0.6760104894638062, 0.8513514995574951]",0.7645048648118973
9.55,104.59001922607422,191.77003479003906,0.0,0.0,0.5,"[0.3125, 0.0, 0.0, 1.0]","[0.0, 0.0, -3.1957933970261365e-06, 0.00011933333735214546, -0.04100090637803078, 1.0, 0.016333334147930145, -3.1957933970261365e-06, 0.0, 0.0, 1.0172526572205243e-06, -0.016214000061154366, 0.0, 0.0]","[1.0, 0.0, 0.0, 0.9003829956054688, 2.0, 0.046041421592235565, 0.6760104894638062, 0.8513514995574951]",0.7645048648118973
9.600000000000001,104.59001922607422,191.77003479003906,0.0,0.0,0.5,"[0.3125, 0.0, 0.0, 1.0]","[0.0, 0.0, -3.1957933970261365e-06, 0.00011933333735214546, -0.04100090637803078, 1.0, 0.016333334147930145, -3.1957933970261365e-06, 0.0, 0.0, 1.0172526572205243e-06, -0.016214000061154366, 0.0, 0.0]","[1.0, 0.0, 0.0, 0.9003829956054688, 2.0, 0.046041421592235565, 0.6760104894638062, 0.8513514995574951]",0.7645048648118973
9.650000000000002,104.59001922607422,191.77003479003906,0.0,0.0,0.5,"[0.3125, 0.0, 0.0, 1.0]","[0.0, 0.0, -3.1957933970261365e-06, 0.00011933333735214546, -0.04100090637803078, 1.0, 0.016333334147930145, -3.1957933970261365e-06, 0.0, 0.0, 1.0172526572205243e-06, -0.016214000061154366, 0.0, 0.0]","[1.0, 0.0, 0.0, 0.9003829956054688, 2.0, 0.046041421592235565, 0.6760104894638062, 0.8513514995574951]",0.7645048648118973
9.700000000000003,104.59001922607422,191.77003479003906,0.0,0.0,0.5,"[0.3125, 0.0, 0.0, 0.9999978542327881]","[0.0, 0.0, -3.1957933970261365e-06, 0.00011933333735214546, -0.04100090637803078, 1.0, 0.016333334147930145, -3.1957933970261365e-06, 0.0, 0.0, 1.0172526572205243e-06, -0.016214000061154366, 0.0, 0.0]","[1.0, 0.0, 0.0, 0.9003829956054688, 2.0, 0.046041421592235565, 0.6760104894638062, 0.8513514995574951]",0.7645054012537003
9.750000000000004,104.59001922607422,191.77003479003906,0.0,0.0,0.5,"[0.3125, 0.0, 0.0, 0.9999978542327881]","[0.0, 0.0, -3.1957933970261365e-06, 0.00011933333735214546, -0.04100090637803078, 1.0, 0.016333334147930145, -3.1957933970261365e-06, 0.0, 0.0, 1.0172526572205243e-06, -0.016214000061154366, 0.0, 0.0]","[1.0, 0.0, 0.0, 0.9003829956054688, 2.0, 0.046041421592235565, 0.6760104894638062, 0.8513514995574951]",0.7645054012537003
9.800000000000004,104.59001922607422,191.77003479003906,0.0,0.0,0.5,"[0.3125, 0.0, 0.0, 1.0]","[0.0, 0.0, -3.1957933970261365e-06, 0.00011933333735214546, -0.04100090637803078, 1.0, 0.016333334147930145, -3.1957933970261365e-06, 0.0, 0.0, 1.0172526572205243e-06, -0.016214000061154366, 0.0, 0.0]","[1.0, 0.0, 0.0, 0.9003829956054688, 2.0, 0.046041421592235565, 0.6760104894638062, 0.8513514995574951]",0.7645048648118973
9.850000000000005,104.59001922607422,191.77003479003906,0.0,0.0,0.5,"[0.3125, 0.0, 0.0, 1.0]","[0.0, 0.0, -3.1957933970261365e-06, 0.00011933333735214546, -0.04100090637803078, 1.0, 0.016333334147930145, -3.1957933970261365e-06, 0.0, 0.0, 1.0172526572205243e-06, -0.016214000061154366, 0.0, 0.0]","[1.0, 0.0, 0.0, 0.9003829956054688, 2.0, 0.046041421592235565, 0.6760104894638062, 0.8513514995574951]",0.7645048648118973
9.900000000000006,104.59001922607422,191.77003479003906,0.0,0.0,0.5,"[0.3125, 0.0, 0.0, 1.0]","[0.0, 0.0, -3.1957933970261365e-06, 0.00011933333735214546, -0.04100090637803078, 1.0, 0.016333334147930145, -3.1957933970261365e-06, 0.0, 0.0, 1.0172526572205243e-06, -0.016214000061154366, 0.0, 0.0]","[1.0, 0.0, 0.0, 0.9003829956054688, 2.0, 0.046041421592235565, 0.6760104894638062, 0.8513514995574951]",0.7645048648118973
9.950000000000006,104.59001922607422,191.77003479003906,0.0,0.0,0.5,"[0.3125, 0.0, 0.0, 1.0]","[0.0, 0.0, -3.1957933970261365e-06, 0.00011933333735214546, -0.04100090637803078, 1.0, 0.016333334147930145, -3.1957933970261365e-06, 0.0, 0.0, 1.0172526572205243e-06, -0.016214000061154366, 0.0, 0.0]","[1.0, 0.0, 0.0, 0.9003829956054688, 2.0, 0.046041421592235565, 0.6760104894638062, 0.8513514995574951]",0.7645048648118973
10.000000000000007,104.59001922607422,191.77003479003906,0.0,0.0,0.5,"[0.3125, 0.0, 0.0, 1.0]","[0.0, 0.0, -3.1957933970261365e-06, 0.00011933333735214546, -0.04100090637803078, 1.0, 0.016333334147930145, -3.1957933970261365e-06, 0.0, 0.0, 1.0172526572205243e-06, -0.016214000061154366, 0.0, 0.0]","[1.0, 0.0, 0.0, 0.9003829956054688, 2.0, 0.046041421592235565, 0.6760104894638062, 0.8513514995574951]",0.7645048648118973
10.050000000000008,104.59001922607422,191.77003479003906,0.0,0.0,0.5,"[0.3125, 0.0, 0.0, 1.0]","[0.0, 0.0, -3.1957933970261365e-06, 0.00011933333735214546, -0.04100090637803078, 1.0, 0.016333334147930145, -3.1957933970261365e-06, 0.0, 0.0, 1.0172526572205243e-06, -0.016214000061154366, 0.0, 0.0]","[1.0, 0.0, 0.0, 0.9003829956054688, 2.0, 0.046041421592235565, 0.6760104894638062, 0.8513514995574951]",0.7645048648118973
10.100000000000009,104.59001922607422,191.77003479003906,0.0,0.0,0.5,"[0.3125, 0.0, 0.0, 1.0]","[0.0, 0.0, -3.1957933970261365e-06, 0.00011933333735214546, -0.04100090637803078, 1.0, 0.016333334147930145, -3.1957933970261365e-06, 0.0, 0.0, 1.0172526572205243e-06, -0.016214000061154366, 0.0, 0.0]","[1.0, 0.0, 0.0, 0.9003829956054688, 2.0, 0.046041421592235565, 0.6760104894638062, 0.8513514995574951]",0.7645048648118973
10.15000000000001,104.59001922607422,191.77003479003906,0.0,0.0,0.5,"[0.3125, 0.0, 0.0, 0.9999978542327881]","[0.0, 0.0, -3.1957933970261365e-06, 0.00011933333735214546, -0.04100090637803078, 1.0, 0.016333334147930145, -3.1957933970261365e-06, 0.0, 0.0, 1.0172526572205243e-06, -0.016214000061154366, 0.0, 0.0]","[1.0, 0.0, 0.0, 0.9003829956054688, 2.0, 0.046041421592235565, 0.6760104894638062, 0.8513514995574951]",0.7645054012537003
10.20000000000001,104.59001922607422,191.77003479003906,0.0,0.0,0.5,"[0.3125, 0.0, 0.0, 0.9999978542327881]","[0.0, 0.0, -3.1957933970261365e-06, 0.00011933333735214546, -0.04100090637803078, 1.0, 0.016333334147930145, -3.1957933970261365e-06, 0.0, 0.0, 1.0172526572205243e-06, -0.016214000061154366, 0.0, 0.0]","[1.0, 0.0, 0.0, 0.9003829956054688, 2.0, 0.046041421592235565, 0.6760104894638062, 0.8513514995574951]",0.7645054012537003
10.25000000000001,104.59001922607422,191.77003479003906,0.0,0.0,0.5,"[0.3125, 0.0, 0.0, 1.0]","[0.0, 0.0, -3.1957933970261365e-06, 0.00011933333735214546, -0.04100090637803078, 1.0, 0.016333334147930145, -3.1957933970261365e-06, 0.0, 0.0, 1.0172526572205243e-06, -0.016214000061154366, 0.0, 0.0]","[1.0, 0.0, 0.0, 0.9003829956054688, 2.0, 0.046041421592235565, 0.6760104894638062, 0.8513514995574951]",0.7645048648118973
10.300000000000011,104.59001922607422,191.77003479003906,0.0,0.0,0.5,"[0.3125, 0.0, 0.0, 1.0]","[0.0, 0.0, -3.1957933970261365e-06, 0.00011933333735214546, -0.04100090637803078, 1.0, 0.016333334147930145, -3.1957933970261365e-06, 0.0, 0.0, 1.0172526572205243e-06, -0.016214000061154366, 0.0, 0.0]","[1.0, 0.0, 0.0, 0.9003829956054688, 2.0, 0.046041421592235565, 0.6760104894638062, 0.8513514995574951]",0.7645048648118973
10.350000000000012,104.59001922607422,191.77003479003906,0.0,0.0,0.5,"[0.3125, 0.0, 0.0, 1.0]","[0.0, 0.0, -3.1957933970261365e-06, 0.00011933333735214546, -0.04100090637803078, 1.0, 0.016333334147930145, -3.1957933970261365e-06, 0.0, 0.0, 1.0172526572205243e-06, -0.016214000061154366, 0.0, 0.0]","[1.0, 0.0, 0.0, 0.9003829956054688, 2.0, 0.046041421592235565, 0.6760104894638062, 0.8513514995574951]",0.7645048648118973
10.400000000000013,104.59001922607422,191.77003479003906,0.0,0.0,0.5,"[0.3125, 0.0, 0.0, 1.0]","[0.0, 0.0, -3.1957933970261365e-06, 0.00011933333735214546, -0.04100090637803078, 1.0, 0.016333334147930145, -3.1957933970261365e-06, 0.0, 0.0, 1.0172526572205243e-06, -0.016214000061154366, 0.0, 0.0]","[1.0, 0.0, 0.0, 0.9003829956054688, 2.0, 0.046041421592235565, 0.6760104894638062, 0.8513514995574951]",0.7645048648118973
10.450000000000014,104.59001922607422,191.77003479003906,0.0,0.0,0.5,"[0.3125, 0.0, 0.0, 1.0]","[0.0, 0.0, -3.1957933970261365e-06, 0.00011933333735214546, -0.04100090637803078, 1.0, 0.016333334147930145, -3.1957933970261365e-06, 0.0, 0.0, 1.0172526572205243e-06, -0.016214000061154366, 0.0, 0.0]","[1.0, 0.0, 0.0, 0.9003829956054688, 2.0, 0.046041421592235565, 0.6760104894638062, 0.8513514995574951]",0.7645048648118973
10.500000000000014,104.59001922607422,191.77003479003906,0.0,0.0,0.5,"[0.3125, 0.0, 0.0, 1.0]","[0.0, 0.0, -3.1957933970261365e-06, 0.00011933333735214546, -0.04100090637803078, 1.0, 0.016333334147930145, -3.1957933970261365e-06, 0.0, 0.0, 1.0172526572205243e-06, -0.016214000061154366, 0.0, 0.0]","[1.0, 0.0, 0.0, 0.9003829956054688, 2.0, 0.046041421592235565, 0.6760104894638062, 0.8513514995574951]",0.7645048648118973
10.550000000000015,104.59001922607422,191.77003479003906,0.0,0.0,0.5,"[0.3125, 0.0, 0.0, 0.9999977946281433]","[0.0, 0.0, -3.1957933970261365e-06, 0.00011933333735214546, -0.04100090637803078, 1.0, 0.016333334147930145, -3.1957933970261365e-06, 0.0, 0.0, 1.0172526572205243e-06, -0.016214000061154366, 0.0, 0.0]","[1.0, 0.0, 0.0, 0.9003829956054688, 2.0, 0.046041421592235565, 0.6760104894638062, 0.8513514995574951]",0.7645054161548615
10.600000000000016,104.59001922607422,191.77003479003906,0.0,0.0,0.5,"[0.3125, 0.0, 0.0, 0.9999978542327881]","[0.0, 0.0, -3.1957933970261365e-06, 0.00011933333735214546, -0.04100090637803078, 1.0, 0.016333334147930145, -3.1957933970261365e-06, 0.0, 0.0, 1.0172526572205243e-06, -0.016214000061154366, 0.0, 0.0]","[1.0, 0.0, 0.0, 0.9003829956054688, 2.0, 0.046041421592235565, 0.6760104894638062, 0.8513514995574951]",0.7645054012537003
10.650000000000016,104.59001922607422,191.77003479003906,0.0,0.0,0.5,"[0.3125, 0.0, 0.0, 1.0]","[0.0, 0.0, -3.1957933970261365e-06, 0.00011933333735214546, -0.04100090637803078, 1.0, 0.016333334147930145, -3.1957933970261365e-06, 0.0, 0.0, 1.0172526572205243e-06, -0.016214000061154366, 0.0, 0.0]","[1.0, 0.0, 0.0, 0.9003829956054688, 2.0, 0.046041421592235565, 0.6760104894638062, 0.8513514995574951]",0.7645048648118973
