frame,sim_time,x,y,z,yaw_deg,speed_mps,yawrate_rps,throttle,brake,steer,reverse,gear,hand_brake,lane_id,offset_m,dist_left_m,dist_right_m,lane_event,map
15210,635.217,520.639,52.199,-0.005,0.353,0.000,0.0000,0.000,0.000,0.000,0,1,0,-7,-0.024,1.726,1.774,,Town06
15211,635.267,520.639,52.199,-0.005,0.353,0.000,0.0000,0.000,0.000,0.000,0,1,0,-7,-0.024,1.726,1.774,,Town06
15212,635.317,520.639,52.199,-0.005,0.353,0.000,0.0000,0.000,0.000,0.000,0,1,0,-7,-0.024,1.726,1.774,,Town06
15213,635.367,520.639,52.199,-0.005,0.353,0.000,0.0000,0.000,0.000,0.000,0,1,0,-7,-0.024,1.726,1.774,,Town06
15214,635.417,520.639,52.199,-0.005,0.353,0.000,0.0000,0.000,0.000,0.000,0,1,0,-7,-0.024,1.726,1.774,,Town06
15215,635.467,520.639,52.199,-0.005,0.353,0.000,0.0000,0.000,0.000,0.000,0,1,0,-7,-0.024,1.726,1.774,,Town06
15216,635.517,520.639,52.199,-0.005,0.353,0.000,0.0000,0.000,0.000,0.000,0,1,0,-7,-0.024,1.726,1.774,,Town06
15217,635.567,520.639,52.199,-0.005,0.353,0.000,0.0000,0.000,0.000,0.000,0,1,0,-7,-0.024,1.726,1.774,,Town06
15218,635.617,520.639,52.199,-0.005,0.353,0.000,0.0000,0.000,0.000,0.000,0,1,0,-7,-0.024,1.726,1.774,,Town06
15219,635.667,520.639,52.199,-0.005,0.353,0.000,0.0000,0.000,0.000,0.000,0,1,0,-7,-0.024,1.726,1.774,,Town06
15220,635.717,520.639,52.199,-0.005,0.353,0.000,0.0000,0.000,0.000,0.000,0,1,0,-7,-0.024,1.726,1.774,,Town06
15221,635.767,520.639,52.199,-0.005,0.353,0.000,0.0000,0.000,0.000,0.000,0,1,0,-7,-0.024,1.726,1.774,,Town06
15222,635.817,520.639,52.199,-0.005,0.353,0.000,0.0000,0.000,0.000,0.000,0,1,0,-7,-0.024,1.726,1.774,,Town06
15223,635.867,520.639,52.199,-0.005,0.353,0.000,0.0000,0.000,0.000,0.000,0,1,0,-7,-0.024,1.726,1.774,,Town06
15224,635.917,520.639,52.199,-0.005,0.353,0.000,0.0000,0.000,0.000,0.000,0,1,0,-7,-0.024,1.726,1.774,,Town06
15225,635.967,520.639,52.199,-0.005,0.353,0.000,0.0000,0.000,0.000,0.000,0,1,0,-7,-0.024,1.726,1.774,,Town06
15226,636.017,520.639,52.199,-0.005,0.353,0.000,0.0000,0.000,0.000,0.000,0,1,0,-7,-0.024,1.726,1.774,,Town06
15227,636.067,520.639,52.199,-0.005,0.353,0.000,0.0000,0.000,0.000,0.000,0,1,0,-7,-0.024,1.726,1.774,,Town06
15228,636.117,520.639,52.199,-0.005,0.353,0.000,0.0000,0.000,0.000,0.000,0,1,0,-7,-0.024,1.726,1.774,,Town06
15229,636.167,520.639,52.199,-0.005,0.353,0.000,0.0000,0.000,0.000,0.000,0,1,0,-7,-0.024,1.726,1.774,,Town06
15230,636.217,520.639,52.199,-0.005,0.353,0.000,0.0000,0.000,0.000,0.000,0,1,0,-7,-0.024,1.726,1.774,,Town06
15231,636.267,520.639,52.199,-0.005,0.353,0.000,0.0000,0.000,0.000,0.000,0,1,0,-7,-0.024,1.726,1.774,,Town06
15232,636.317,520.639,52.199,-0.005,0.353,0.000,0.0000,0.000,0.000,0.000,0,1,0,-7,-0.024,1.726,1.774,,Town06
15233,636.367,520.639,52.199,-0.005,0.353,0.000,0.0000,0.000,0.000,0.000,0,1,0,-7,-0.024,1.726,1.774,,Town06
15234,636.417,520.639,52.199,-0.005,0.353,0.000,0.0000,0.000,0.000,0.000,0,1,0,-7,-0.024,1.726,1.774,,Town06
15235,636.467,520.639,52.199,-0.005,0.353,0.000,0.0000,0.000,0.000,0.000,0,1,0,-7,-0.024,1.726,1.774,,Town06
15236,636.517,520.639,52.199,-0.005,0.353,0.000,0.0000,0.000,0.000,0.000,0,1,0,-7,-0.024,1.726,1.774,,Town06
15237,636.567,520.639,52.199,-0.005,0.353,0.000,0.0000,0.000,0.000,0.000,0,1,0,-7,-0.024,1.726,1.774,,Town06
15238,636.617,520.639,52.199,-0.005,0.353,0.000,0.0000,0.000,0.000,0.000,0,1,0,-7,-0.024,1.726,1.774,,Town06
15239,636.667,520.639,52.199,-0.005,0.353,0.000,0.0000,0.000,0.000,0.000,0,1,0,-7,-0.024,1.726,1.774,,Town06
15240,636.717,520.639,52.199,-0.005,0.353,0.000,0.0000,0.000,0.000,0.000,0,1,0,-7,-0.024,1.726,1.774,,Town06
15241,636.767,520.639,52.199,-0.005,0.353,0.000,0.0000,0.000,0.000,0.000,0,1,0,-7,-0.024,1.726,1.774,,Town06
15242,636.817,520.639,52.199,-0.005,0.353,0.000,0.0000,0.000,0.000,0.000,0,1,0,-7,-0.024,1.726,1.774,,Town06
15243,636.867,520.639,52.199,-0.005,0.353,0.000,0.0000,0.000,0.000,0.000,0,1,0,-7,-0.024,1.726,1.774,,Town06
15244,636.917,520.639,52.199,-0.005,0.353,0.000,0.0000,0.000,0.000,0.000,0,1,0,-7,-0.024,1.726,1.774,,Town06
15245,636.967,520.639,52.199,-0.005,0.353,0.000,0.0000,0.000,0.000,0.000,0,1,0,-7,-0.024,1.726,1.774,,Town06
15246,637.017,520.639,52.199,-0.005,0.353,0.000,0.0000,0.000,0.000,0.000,0,1,0,-7,-0.024,1.726,1.774,,Town06
15247,637.067,520.639,52.199,-0.005,0.353,0.000,0.0000,0.000,0.000,0.000,0,1,0,-7,-0.024,1.726,1.774,,Town06
15248,637.117,520.639,52.199,-0.005,0.353,0.000,0.0000,0.000,0.000,0.000,0,1,0,-7,-0.024,1.726,1.774,,Town06
15249,637.167,520.639,52.199,-0.005,0.353,0.000,0.0000,0.000,0.000,0.000,0,1,0,-7,-0.024,1.726,1.774,,Town06
15250,637.217,520.639,52.199,-0.005,0.353,0.000,0.0000,0.000,0.000,0.000,0,1,0,-7,-0.024,1.726,1.774,,Town06
15251,637.267,520.639,52.199,-0.005,0.353,0.000,0.0000,0.000,0.000,0.000,0,1,0,-7,-0.024,1.726,1.774,,Town06
15252,637.317,520.639,52.199,-0.005,0.353,0.000,0.0000,0.000,0.000,0.000,0,1,0,-7,-0.024,1.726,1.774,,Town06
15253,637.367,520.639,52.199,-0.005,0.353,0.000,0.0000,0.000,0.000,0.000,0,1,0,-7,-0.024,1.726,1.774,,Town06
15254,637.417,520.639,52.199,-0.005,0.353,0.000,0.0000,0.000,0.000,0.000,0,1,0,-7,-0.024,1.726,1.774,,Town06
15255,637.467,520.639,52.199,-0.005,0.353,0.000,0.0000,0.000,0.000,0.000,0,1,0,-7,-0.024,1.726,1.774,,Town06
15256,637.517,520.639,52.199,-0.005,0.353,0.000,0.0000,0.000,0.000,0.000,0,1,0,-7,-0.024,1.726,1.774,,Town06
15257,637.567,520.639,52.199,-0.005,0.353,0.000,0.0000,0.000,0.000,0.000,0,1,0,-7,-0.024,1.726,1.774,,Town06
15258,637.617,520.639,52.199,-0.005,0.353,0.000,0.0000,0.000,0.000,0.000,0,1,0,-7,-0.024,1.726,1.774,,Town06
15259,637.667,520.639,52.199,-0.005,0.353,0.000,0.0000,0.000,0.000,0.000,0,1,0,-7,-0.024,1.726,1.774,,Town06
15260,637.717,520.639,52.199,-0.005,0.353,0.000,0.0000,0.000,0.000,0.000,0,1,0,-7,-0.024,1.726,1.774,,Town06
15261,637.767,520.639,52.199,-0.005,0.353,0.000,0.0000,0.000,0.000,0.000,0,1,0,-7,-0.024,1.726,1.774,,Town06
15262,637.817,520.639,52.199,-0.005,0.353,0.000,0.0000,0.000,0.000,0.000,0,1,0,-7,-0.024,1.726,1.774,,Town06
15263,637.867,520.639,52.199,-0.005,0.353,0.000,0.0000,0.000,0.000,0.000,0,1,0,-7,-0.024,1.726,1.774,,Town06
15264,637.917,520.639,52.199,-0.005,0.353,0.000,0.0000,0.000,0.000,0.000,0,1,0,-7,-0.024,1.726,1.774,,Town06
15265,637.967,520.639,52.199,-0.005,0.353,0.000,0.0000,0.000,0.000,0.000,0,1,0,-7,-0.024,1.726,1.774,,Town06
15266,638.017,520.639,52.199,-0.005,0.353,0.000,0.0000,0.000,0.000,0.000,0,1,0,-7,-0.024,1.726,1.774,,Town06
15267,638.067,520.639,52.199,-0.005,0.353,0.000,0.0000,0.000,0.000,0.000,0,1,0,-7,-0.024,1.726,1.774,,Town06
15268,638.117,520.639,52.199,-0.005,0.353,0.000,0.0000,0.000,0.000,0.000,0,1,0,-7,-0.024,1.726,1.774,,Town06
15269,638.167,520.639,52.199,-0.005,0.353,0.000,0.0000,0.000,0.000,0.000,0,1,0,-7,-0.024,1.726,1.774,,Town06
15270,638.217,520.639,52.199,-0.005,0.353,0.000,0.0000,0.000,0.000,0.000,0,1,0,-7,-0.024,1.726,1.774,,Town06
15271,638.267,520.639,52.199,-0.005,0.353,0.000,0.0000,0.000,0.000,0.000,0,1,0,-7,-0.024,1.726,1.774,,Town06
15272,638.317,520.639,52.199,-0.005,0.353,0.000,0.0000,0.000,0.000,0.000,0,1,0,-7,-0.024,1.726,1.774,,Town06
15273,638.367,520.639,52.199,-0.005,0.353,0.000,0.0000,0.000,0.000,0.000,0,1,0,-7,-0.024,1.726,1.774,,Town06
15274,638.417,520.639,52.199,-0.005,0.353,0.000,0.0000,0.000,0.000,0.000,0,1,0,-7,-0.024,1.726,1.774,,Town06
15275,638.467,520.639,52.199,-0.005,0.353,0.000,0.0000,0.000,0.000,0.000,0,1,0,-7,-0.024,1.726,1.774,,Town06
15276,638.517,520.639,52.199,-0.005,0.353,0.000,0.0000,0.000,0.000,0.000,0,1,0,-7,-0.024,1.726,1.774,,Town06
15277,638.567,520.639,52.199,-0.005,0.353,0.000,0.0000,0.000,0.000,0.000,0,1,0,-7,-0.024,1.726,1.774,,Town06
15278,638.617,520.639,52.199,-0.005,0.353,0.000,0.0000,0.000,0.000,0.000,0,1,0,-7,-0.024,1.726,1.774,,Town06
15279,638.667,520.639,52.199,-0.005,0.353,0.000,0.0000,0.000,0.000,0.000,0,1,0,-7,-0.024,1.726,1.774,,Town06
15280,638.717,520.639,52.199,-0.005,0.353,0.000,0.0000,0.000,0.000,0.000,0,1,0,-7,-0.024,1.726,1.774,,Town06
15281,638.767,520.639,52.199,-0.005,0.353,0.000,0.0000,0.000,0.000,0.000,0,1,0,-7,-0.024,1.726,1.774,,Town06
15282,638.817,520.639,52.199,-0.005,0.353,0.000,0.0000,0.000,0.000,0.000,0,1,0,-7,-0.024,1.726,1.774,,Town06
15283,638.867,520.639,52.199,-0.005,0.353,0.000,0.0000,0.000,0.000,0.000,0,1,0,-7,-0.024,1.726,1.774,,Town06
15284,638.917,520.639,52.199,-0.005,0.353,0.000,0.0000,0.000,0.000,0.000,0,1,0,-7,-0.024,1.726,1.774,,Town06
15285,638.967,520.639,52.199,-0.005,0.353,0.000,0.0000,0.000,0.000,0.000,0,1,0,-7,-0.024,1.726,1.774,,Town06
15286,639.017,520.639,52.199,-0.005,0.353,0.000,0.0000,0.000,0.000,0.000,0,1,0,-7,-0.024,1.726,1.774,,Town06
15287,639.067,520.639,52.199,-0.005,0.353,0.000,0.0000,0.000,0.000,0.000,0,1,0,-7,-0.024,1.726,1.774,,Town06
15288,639.117,520.639,52.199,-0.005,0.353,0.000,0.0000,0.000,0.000,0.000,0,1,0,-7,-0.024,1.726,1.774,,Town06
15289,639.167,520.639,52.199,-0.005,0.353,0.000,0.0000,0.000,0.000,0.000,0,1,0,-7,-0.024,1.726,1.774,,Town06
15290,639.217,520.639,52.199,-0.005,0.353,0.000,0.0000,0.000,0.000,0.000,0,1,0,-7,-0.024,1.726,1.774,,Town06
15291,639.267,520.639,52.199,-0.005,0.353,0.000,0.0000,0.000,0.000,0.000,0,1,0,-7,-0.024,1.726,1.774,,Town06
15292,639.317,520.639,52.199,-0.005,0.353,0.000,0.0000,0.000,0.000,0.000,0,1,0,-7,-0.024,1.726,1.774,,Town06
15293,639.367,520.639,52.199,-0.005,0.353,0.000,0.0000,0.000,0.000,0.000,0,1,0,-7,-0.024,1.726,1.774,,Town06
15294,639.417,520.639,52.199,-0.005,0.353,0.000,0.0000,0.000,0.000,0.000,0,1,0,-7,-0.024,1.726,1.774,,Town06
15295,639.467,520.639,52.199,-0.005,0.353,0.000,0.0000,0.000,0.000,0.000,0,1,0,-7,-0.024,1.726,1.774,,Town06
15296,639.517,520.639,52.199,-0.005,0.353,0.000,0.0000,0.000,0.000,0.000,0,1,0,-7,-0.024,1.726,1.774,,Town06
15297,639.567,520.639,52.199,-0.005,0.353,0.000,0.0000,0.000,0.000,0.000,0,1,0,-7,-0.024,1.726,1.774,,Town06
15298,639.617,520.639,52.199,-0.005,0.353,0.000,0.0000,0.000,0.000,0.000,0,1,0,-7,-0.024,1.726,1.774,,Town06
15299,639.667,520.639,52.199,-0.005,0.353,0.000,0.0000,0.000,0.000,0.000,0,1,0,-7,-0.024,1.726,1.774,,Town06
15300,639.717,520.639,52.199,-0.005,0.353,0.000,0.0000,0.000,0.000,0.000,0,1,0,-7,-0.024,1.726,1.774,,Town06
15301,639.767,520.639,52.199,-0.005,0.353,0.000,0.0000,0.000,0.000,0.000,0,1,0,-7,-0.024,1.726,1.774,,Town06
15302,639.817,520.639,52.199,-0.005,0.353,0.000,0.0000,0.000,0.000,0.000,0,1,0,-7,-0.024,1.726,1.774,,Town06
15303,639.867,520.639,52.199,-0.005,0.353,0.000,0.0000,0.000,0.000,0.000,0,1,0,-7,-0.024,1.726,1.774,,Town06
15304,639.917,520.639,52.199,-0.005,0.353,0.000,0.0000,0.000,0.000,0.000,0,1,0,-7,-0.024,1.726,1.774,,Town06
15305,639.967,520.639,52.199,-0.005,0.353,0.000,0.0000,0.000,0.000,0.000,0,1,0,-7,-0.024,1.726,1.774,,Town06
15306,640.017,520.639,52.199,-0.005,0.353,0.000,0.0000,0.000,0.000,0.000,0,1,0,-7,-0.024,1.726,1.774,,Town06
15307,640.067,520.639,52.199,-0.005,0.353,0.000,0.0000,0.000,0.000,0.000,0,1,0,-7,-0.024,1.726,1.774,,Town06
15308,640.117,520.639,52.199,-0.005,0.353,0.000,0.0000,0.000,0.000,0.000,0,1,0,-7,-0.024,1.726,1.774,,Town06
15309,640.167,520.639,52.199,-0.005,0.353,0.000,0.0000,0.000,0.000,0.000,0,1,0,-7,-0.024,1.726,1.774,,Town06
15310,640.217,520.639,52.199,-0.005,0.353,0.000,0.0000,0.000,0.000,0.000,0,1,0,-7,-0.024,1.726,1.774,,Town06
15311,640.267,520.639,52.199,-0.005,0.353,0.000,0.0000,0.000,0.000,0.000,0,1,0,-7,-0.024,1.726,1.774,,Town06
15312,640.317,520.639,52.199,-0.005,0.353,0.000,0.0000,0.000,0.000,0.000,0,1,0,-7,-0.024,1.726,1.774,,Town06
15313,640.367,520.639,52.199,-0.005,0.353,0.000,0.0000,0.000,0.000,0.000,0,1,0,-7,-0.024,1.726,1.774,,Town06
15314,640.417,520.639,52.199,-0.005,0.353,0.000,0.0000,0.000,0.000,0.000,0,1,0,-7,-0.024,1.726,1.774,,Town06
15315,640.467,520.639,52.199,-0.005,0.353,0.000,0.0000,0.000,0.000,0.000,0,1,0,-7,-0.024,1.726,1.774,,Town06
15316,640.517,520.639,52.199,-0.005,0.353,0.000,0.0000,0.000,0.000,0.000,0,1,0,-7,-0.024,1.726,1.774,,Town06
15317,640.567,520.639,52.199,-0.005,0.353,0.000,0.0000,0.000,0.000,0.000,0,1,0,-7,-0.024,1.726,1.774,,Town06
15318,640.617,520.638,52.199,-0.005,0.353,0.037,-0.0000,0.300,0.000,0.000,0,1,0,-7,-0.024,1.726,1.774,,Town06
15319,640.667,520.638,52.199,-0.005,0.353,0.031,0.0000,0.700,0.000,0.000,0,1,0,-7,-0.024,1.726,1.774,,Town06
15320,640.717,520.642,52.199,-0.005,0.352,0.152,-0.1016,1.000,0.000,0.000,0,1,0,-7,-0.024,1.726,1.774,,Town06
15321,640.767,520.657,52.199,-0.005,0.350,0.394,0.0013,1.000,0.000,0.000,0,1,0,-7,-0.024,1.726,1.774,,Town06
15322,640.817,520.686,52.199,-0.005,0.351,0.737,0.1118,1.000,0.000,0.000,0,1,0,-7,-0.024,1.726,1.774,,Town06
15323,640.867,520.734,52.200,-0.005,0.352,1.131,-0.0230,1.000,0.000,0.000,0,1,0,-7,-0.023,1.727,1.773,,Town06
15324,640.917,520.802,52.200,-0.005,0.352,1.512,0.0307,1.000,0.000,0.000,0,1,0,-7,-0.023,1.727,1.773,,Town06
15325,640.967,520.889,52.201,-0.005,0.351,1.863,-0.0365,1.000,0.000,0.000,0,1,0,-7,-0.022,1.728,1.772,,Town06
15326,641.017,520.992,52.201,-0.005,0.352,2.195,0.0217,1.000,0.000,0.000,0,1,0,-7,-0.022,1.728,1.772,,Town06
15327,641.067,521.112,52.202,-0.006,0.352,2.511,-0.0074,1.000,0.000,0.000,0,1,0,-7,-0.021,1.729,1.771,,Town06
15328,641.117,521.246,52.203,-0.006,0.352,2.790,0.0027,0.000,0.000,0.000,0,1,0,-7,-0.020,1.730,1.770,,Town06
15329,641.167,521.392,52.204,-0.006,0.351,2.988,-0.0247,0.400,0.000,-0.000,0,1,0,-7,-0.019,1.731,1.769,,Town06
15330,641.217,521.546,52.202,-0.006,0.293,3.140,-2.2123,0.700,0.000,-0.100,0,1,0,-7,-0.021,1.729,1.771,,Town06
15331,641.267,521.708,52.195,-0.006,0.127,3.332,-3.8859,1.000,0.000,-0.100,0,1,0,-7,-0.027,1.723,1.777,,Town06
15332,641.317,521.881,52.187,-0.006,-0.095,3.564,-4.7275,1.000,0.000,-0.100,0,1,0,-7,-0.035,1.715,1.785,,Town06
15333,641.367,522.066,52.178,-0.006,-0.348,3.803,-5.2639,1.000,0.000,-0.100,0,1,0,-7,-0.045,1.705,1.795,,Town06
15334,641.417,522.262,52.163,-0.006,-0.686,4.015,-8.0690,1.000,0.000,-0.200,0,1,0,-7,-0.059,1.691,1.809,,Town06
15335,641.467,522.467,52.142,-0.005,-1.163,4.223,-10.3599,1.000,0.000,-0.200,0,1,0,-7,-0.080,1.670,1.830,,Town06
15336,641.517,522.683,52.117,-0.005,-1.725,4.430,-11.7372,1.000,0.000,-0.200,0,1,0,-7,-0.105,1.645,1.855,,Town06
15337,641.567,522.906,52.085,-0.005,-2.403,4.599,-15.0214,1.000,0.000,-0.300,0,1,0,-7,-0.137,1.613,1.887,,Town06
15338,641.617,523.136,52.044,-0.005,-3.241,4.766,-17.7549,1.000,0.000,-0.300,0,1,0,-7,-0.178,1.572,1.928,,Town06
15339,641.667,523.373,51.996,-0.004,-4.184,4.937,-19.5134,1.000,0.000,-0.300,0,1,0,-7,-0.226,1.524,1.976,,Town06
15340,641.717,523.616,51.939,-0.004,-5.256,5.063,-22.9589,1.000,0.000,-0.400,0,1,0,-7,-0.282,1.468,2.032,,Town06
15341,641.767,523.861,51.871,-0.003,-6.497,5.189,-25.9297,1.000,0.000,-0.400,0,1,0,-7,-0.350,1.400,2.100,,Town06
15342,641.817,524.110,51.794,-0.003,-7.859,5.315,-28.1113,1.000,0.000,-0.400,0,1,0,-7,-0.428,1.322,2.178,,Town06
15343,641.867,524.357,51.710,-0.003,-9.287,5.255,-28.6646,1.000,0.000,-0.400,0,1,0,-7,-0.511,1.239,2.261,,Town06
15344,641.917,524.598,51.618,-0.002,-10.803,5.184,-31.8470,1.000,0.000,-0.500,0,1,0,-7,-0.603,1.147,2.353,,Town06
15345,641.967,524.834,51.523,-0.002,-12.325,5.167,-28.5581,1.000,0.000,0.000,0,1,0,-7,-0.698,1.052,2.448,,Town06
15346,642.017,525.078,51.437,-0.001,-13.516,5.235,-19.8468,1.000,0.000,0.000,0,1,0,-7,-0.783,0.967,2.533,,Town06
15347,642.067,525.330,51.365,-0.001,-14.251,5.253,-11.7959,1.000,0.000,0.000,0,1,0,-7,-0.856,0.894,2.606,,Town06
15348,642.117,525.585,51.301,-0.001,-14.630,5.278,-5.0434,1.000,0.000,0.100,0,1,0,-7,-0.920,0.830,2.670,,Town06
15349,642.167,525.842,51.244,-0.002,-14.692,5.261,0.7768,1.000,0.000,0.100,0,1,0,-7,-0.977,0.773,2.727,,Town06
15350,642.217,526.099,51.189,-0.002,-14.572,5.272,3.9215,1.000,0.000,0.100,0,1,0,-7,-1.031,0.719,2.781,,Town06
15351,642.267,526.357,51.139,-0.002,-14.280,5.284,7.7477,1.000,0.000,0.200,0,1,0,-7,-1.081,0.669,2.831,,Town06
15352,642.317,526.618,51.095,-0.002,-13.791,5.286,10.4944,1.000,0.000,0.200,0,1,0,-7,-1.125,0.625,2.875,,Town06
15353,642.367,526.878,51.055,-0.002,-13.183,5.271,12.8410,1.000,0.000,0.200,0,1,0,-7,-1.165,0.585,2.915,,Town06
15354,642.417,527.140,51.022,-0.002,-12.439,5.340,16.5760,1.000,0.000,0.300,0,1,0,-7,-1.198,0.552,2.948,,Town06
15355,642.467,527.407,50.991,-0.002,-11.655,5.417,14.0088,1.000,0.000,0.000,0,1,0,-7,-1.229,0.521,2.979,,Town06
15356,642.517,527.674,50.947,-0.001,-11.145,5.392,7.9890,1.000,0.000,0.000,0,1,0,-7,-1.272,0.478,3.022,,Town06
15357,642.567,527.938,50.898,-0.001,-10.831,5.372,5.3380,1.000,0.000,0.000,0,1,0,-7,-1.321,0.429,3.071,,Town06
15358,642.617,528.202,50.847,-0.002,-10.646,5.407,3.0508,1.000,0.000,0.000,0,1,0,-7,-1.372,0.378,3.122,,Town06
15359,642.667,528.468,50.797,-0.002,-10.541,5.407,1.3458,1.000,0.000,0.000,0,1,0,-7,-1.423,0.327,3.173,,Town06
15360,642.717,528.734,50.746,-0.003,-10.473,5.433,0.8791,1.000,0.000,0.000,0,1,0,-7,-1.473,0.277,3.223,,Town06
15361,642.767,529.003,50.696,-0.003,-10.431,5.508,1.0840,1.000,0.000,0.000,0,1,0,-7,-1.523,0.227,3.273,,Town06
15362,642.817,529.278,50.646,-0.003,-10.412,5.638,0.2204,1.000,0.000,0.000,0,1,0,-7,-1.573,0.177,3.323,,Town06
15363,642.867,529.554,50.595,-0.004,-10.397,5.596,0.3740,1.000,0.000,0.000,0,1,0,-7,-1.624,0.126,3.374,,Town06
15364,642.917,529.830,50.545,-0.004,-10.388,5.614,0.1450,1.000,0.000,0.000,0,1,0,-7,-1.674,0.076,3.424,,Town06
15365,642.967,530.107,50.494,-0.004,-10.384,5.631,0.3001,1.000,0.000,0.000,0,1,0,-7,-1.724,0.026,3.474,,Town06
15366,643.017,530.386,50.443,-0.004,-10.381,5.724,0.0792,1.000,0.000,0.000,0,1,0,-6,1.725,3.475,0.025,,Town06
15367,643.067,530.669,50.392,-0.004,-10.382,5.736,-0.0989,1.000,0.000,0.000,0,1,0,-6,1.673,3.423,0.077,,Town06
15368,643.117,530.951,50.340,-0.004,-10.377,5.732,0.3747,1.000,0.000,0.000,0,1,0,-6,1.622,3.372,0.128,,Town06
15369,643.167,531.233,50.288,-0.004,-10.384,5.782,-0.4980,1.000,0.000,0.000,0,1,0,-6,1.571,3.321,0.179,,Town06
15370,643.217,531.520,50.236,-0.004,-10.381,5.893,0.0901,1.000,0.000,0.000,0,1,0,-6,1.518,3.268,0.232,,Town06
15371,643.267,531.810,50.183,-0.004,-10.382,5.886,-0.2014,1.000,0.000,0.000,0,1,0,-6,1.465,3.215,0.285,,Town06
15372,643.317,532.098,50.130,-0.004,-10.380,5.848,0.1816,1.000,0.000,0.000,0,1,0,-6,1.412,3.162,0.338,,Town06
15373,643.367,532.386,50.077,-0.004,-10.383,5.862,-0.2579,1.000,0.000,0.000,0,1,0,-6,1.360,3.110,0.390,,Town06
15374,643.417,532.675,50.024,-0.004,-10.379,5.880,0.3667,1.000,0.000,0.000,0,1,0,-6,1.307,3.057,0.443,,Town06
15375,643.467,532.965,49.971,-0.004,-10.379,5.927,-0.0659,1.000,0.000,0.000,0,1,0,-6,1.254,3.004,0.496,,Town06
15376,643.517,533.258,49.917,-0.004,-10.378,5.972,0.0212,1.000,0.000,0.000,0,1,0,-6,1.200,2.950,0.550,,Town06
15377,643.567,533.553,49.863,-0.004,-10.381,6.018,-0.3243,1.000,0.000,0.000,0,1,0,-6,1.146,2.896,0.604,,Town06
15378,643.617,533.850,49.808,-0.004,-10.377,6.044,0.4213,1.000,0.000,0.000,0,1,0,-6,1.092,2.842,0.658,,Town06
15379,643.667,534.149,49.754,-0.004,-10.379,6.101,-0.1909,1.000,0.000,0.000,0,1,0,-6,1.037,2.787,0.713,,Town06
15380,643.717,534.449,49.702,-0.004,-10.307,6.090,2.9995,1.000,0.000,0.100,0,1,0,-6,0.986,2.736,0.764,,Town06
15381,643.767,534.751,49.657,-0.004,-10.098,6.114,4.9310,1.000,0.000,0.100,0,1,0,-6,0.941,2.691,0.809,,Town06
15382,643.817,535.054,49.616,-0.004,-9.797,6.133,6.4966,1.000,0.000,0.100,0,1,0,-6,0.900,2.650,0.850,,Town06
15383,643.867,535.359,49.572,-0.003,-9.538,6.184,4.0455,1.000,0.000,0.000,0,1,0,-6,0.856,2.606,0.894,,Town06
15384,643.917,535.665,49.523,-0.003,-9.377,6.201,2.9887,1.000,0.000,0.000,0,1,0,-6,0.807,2.557,0.943,,Town06
15385,643.967,535.973,49.473,-0.003,-9.282,6.256,1.3718,1.000,0.000,0.000,0,1,0,-6,0.757,2.507,0.993,,Town06
15386,644.017,536.281,49.422,-0.003,-9.221,6.258,1.0006,1.000,0.000,0.000,0,1,0,-6,0.707,2.457,1.043,,Town06
15387,644.067,536.591,49.372,-0.003,-9.184,6.306,0.4638,1.000,0.000,0.000,0,1,0,-6,0.656,2.406,1.094,,Town06
15388,644.117,536.903,49.321,-0.004,-9.157,6.324,0.8095,1.000,0.000,0.000,0,1,0,-6,0.606,2.356,1.144,,Town06
15389,644.167,537.217,49.270,-0.004,-9.143,6.368,0.0728,1.000,0.000,0.000,0,1,0,-6,0.555,2.305,1.195,,Town06
15390,644.217,537.532,49.219,-0.004,-9.133,6.386,0.1537,1.000,0.000,0.000,0,1,0,-6,0.504,2.254,1.246,,Town06
15391,644.267,537.849,49.172,-0.004,-9.056,6.425,2.7294,1.000,0.000,0.100,0,1,0,-6,0.457,2.207,1.293,,Town06
15392,644.317,538.168,49.131,-0.004,-8.833,6.434,5.5801,1.000,0.000,0.100,0,1,0,-6,0.417,2.167,1.333,,Town06
15393,644.367,538.488,49.095,-0.004,-8.521,6.464,6.6824,1.000,0.000,0.100,0,1,0,-6,0.380,2.130,1.370,,Town06
15394,644.417,538.810,49.055,-0.004,-8.248,6.489,4.4895,1.000,0.000,0.000,0,1,0,-6,0.341,2.091,1.409,,Town06
15395,644.467,539.132,49.012,-0.004,-8.082,6.525,2.5629,1.000,0.000,0.000,0,1,0,-6,0.297,2.047,1.453,,Town06
15396,644.517,539.456,48.966,-0.004,-7.972,6.548,2.1093,1.000,0.000,0.000,0,1,0,-6,0.252,2.002,1.498,,Town06
15397,644.567,539.781,48.920,-0.004,-7.907,6.588,0.9576,1.000,0.000,0.000,0,1,0,-6,0.207,1.957,1.543,,Town06
15398,644.617,540.108,48.874,-0.004,-7.863,6.610,0.7404,1.000,0.000,0.000,0,1,0,-6,0.161,1.911,1.589,,Town06
15399,644.667,540.437,48.829,-0.004,-7.837,6.651,0.2511,1.000,0.000,0.000,0,1,0,-6,0.115,1.865,1.635,,Town06
15400,644.717,540.767,48.786,-0.004,-7.744,6.667,3.3537,1.000,0.000,0.100,0,1,0,-6,0.073,1.823,1.677,,Town06
15401,644.767,541.099,48.751,-0.004,-7.515,6.696,5.3691,1.000,0.000,0.100,0,1,0,-6,0.038,1.788,1.712,,Town06
15402,644.817,541.433,48.721,-0.004,-7.190,6.708,7.0608,1.000,0.000,0.100,0,1,0,-6,0.008,1.758,1.742,,Town06
15403,644.867,541.768,48.696,-0.004,-6.739,6.727,10.5517,1.000,0.000,0.200,0,1,0,-6,-0.017,1.733,1.767,,Town06
15404,644.917,542.104,48.681,-0.004,-6.104,6.725,13.9881,1.000,0.000,0.200,0,1,0,-6,-0.032,1.718,1.782,,Town06
15405,644.967,542.440,48.672,-0.003,-5.351,6.746,15.7262,1.000,0.000,0.200,0,1,0,-6,-0.040,1.710,1.790,,Town06
15406,645.017,542.776,48.673,-0.003,-4.453,6.729,19.6587,1.000,0.000,0.300,0,1,0,-6,-0.040,1.710,1.790,,Town06
15407,645.067,543.112,48.677,-0.003,-3.512,6.767,16.8964,1.000,0.000,0.000,0,1,0,-6,-0.035,1.715,1.785,,Town06
15408,645.117,543.451,48.670,-0.002,-2.846,6.785,11.2898,1.000,0.000,0.000,0,1,0,-6,-0.042,1.708,1.792,,Town06
15409,645.167,543.791,48.657,-0.002,-2.418,6.817,6.9767,1.000,0.000,0.000,0,1,0,-6,-0.054,1.696,1.804,,Town06
15410,645.217,544.132,48.646,-0.002,-2.067,6.825,7.5260,1.000,0.000,0.100,0,1,0,-6,-0.065,1.685,1.815,,Town06
15411,645.267,544.474,48.643,-0.002,-1.665,6.859,8.2544,1.000,0.000,0.100,0,1,0,-6,-0.068,1.682,1.818,,Town06
15412,645.317,544.817,48.645,-0.003,-1.223,6.874,9.2595,1.000,0.000,0.100,0,1,0,-6,-0.067,1.683,1.817,,Town06
15413,645.367,545.161,48.654,-0.003,-0.691,6.894,11.9631,1.000,0.000,0.200,0,1,0,-6,-0.057,1.693,1.807,,Town06
15414,645.417,545.506,48.666,-0.003,-0.139,6.912,9.5153,1.000,0.000,0.000,0,1,0,-6,-0.045,1.705,1.795,,Town06
15415,645.467,545.852,48.672,-0.003,0.222,6.952,5.8426,1.000,0.000,0.000,0,1,0,-6,-0.039,1.711,1.789,,Town06
15416,645.517,546.200,48.674,-0.003,0.459,6.967,4.1586,1.000,0.000,0.000,0,1,0,-6,-0.036,1.714,1.786,,Town06
15417,645.567,546.549,48.673,-0.004,0.538,6.997,-0.3793,1.000,0.000,-0.100,0,1,0,-6,-0.037,1.713,1.787,,Town06
15418,645.617,546.900,48.665,-0.004,0.420,7.005,-3.5063,1.000,0.000,-0.100,0,1,0,-6,-0.045,1.705,1.795,,Town06
15419,645.667,547.250,48.653,-0.004,0.162,7.036,-6.1707,1.000,0.000,-0.100,0,1,0,-6,-0.057,1.693,1.807,,Town06
15420,645.717,547.602,48.636,-0.004,-0.247,7.033,-9.7742,1.000,0.000,-0.200,0,1,0,-6,-0.074,1.676,1.824,,Town06
15421,645.767,547.952,48.609,-0.003,-0.863,7.048,-13.8037,1.000,0.000,-0.200,0,1,0,-6,-0.101,1.649,1.851,,Town06
15422,645.817,548.302,48.575,-0.003,-1.613,7.048,-15.6936,1.000,0.000,-0.200,0,1,0,-6,-0.135,1.615,1.885,,Town06
15423,645.867,548.651,48.533,-0.003,-2.524,7.044,-20.1624,1.000,0.000,-0.300,0,1,0,-6,-0.177,1.573,1.927,,Town06
15424,645.917,549.000,48.486,-0.002,-3.484,7.064,-17.2915,1.000,0.000,0.000,0,1,0,-6,-0.223,1.527,1.973,Broken,Town06
15425,645.967,549.352,48.450,-0.002,-4.172,7.100,-11.6743,1.000,0.000,0.000,0,1,0,-6,-0.259,1.491,2.009,,Town06
15426,646.017,549.706,48.420,-0.002,-4.620,7.113,-7.3992,1.000,0.000,0.000,0,1,0,-6,-0.289,1.461,2.039,,Town06
15427,646.067,550.062,48.391,-0.002,-4.919,7.149,-5.1700,1.000,0.000,0.000,0,1,0,-6,-0.318,1.432,2.068,,Town06
15428,646.117,550.418,48.362,-0.002,-5.113,7.165,-3.1249,1.000,0.000,0.000,0,1,0,-6,-0.347,1.403,2.097,,Town06
15429,646.167,550.777,48.332,-0.002,-5.246,7.205,-2.3839,1.000,0.000,0.000,0,1,0,-6,-0.377,1.373,2.127,,Town06
15430,646.217,551.135,48.297,-0.003,-5.405,7.218,-4.1058,1.000,0.000,-0.100,0,1,0,-6,-0.412,1.338,2.162,,Town06
15431,646.267,551.495,48.253,-0.003,-5.690,7.250,-6.6787,1.000,0.000,-0.100,0,1,0,-6,-0.455,1.295,2.205,,Town06
15432,646.317,551.855,48.209,-0.003,-5.955,7.269,-4.2650,1.000,0.000,0.000,0,1,0,-6,-0.498,1.252,2.248,,Town06
15433,646.367,552.217,48.169,-0.004,-6.130,7.309,-3.0634,1.000,0.000,0.000,0,1,0,-6,-0.539,1.211,2.289,,Town06
15434,646.417,552.581,48.129,-0.004,-6.241,7.328,-1.7343,1.000,0.000,0.000,0,1,0,-6,-0.578,1.172,2.328,,Town06
15435,646.467,552.947,48.093,-0.004,-6.244,7.361,1.4077,1.000,0.000,0.100,0,1,0,-6,-0.614,1.136,2.364,,Town06
15436,646.517,553.314,48.064,-0.004,-6.068,7.374,4.7786,1.000,0.000,0.100,0,1,0,-6,-0.643,1.107,2.393,,Town06
15437,646.567,553.683,48.039,-0.004,-5.773,7.407,6.5424,1.000,0.000,0.100,0,1,0,-6,-0.668,1.082,2.418,,Town06
15438,646.617,554.053,48.012,-0.004,-5.496,7.425,4.7639,1.000,0.000,0.000,0,1,0,-6,-0.695,1.055,2.445,,Town06
15439,646.667,554.424,47.980,-0.004,-5.319,7.465,2.8238,1.000,0.000,0.000,0,1,0,-6,-0.726,1.024,2.476,,Town06
15440,646.717,554.795,47.943,-0.003,-5.271,7.476,-0.5915,1.000,0.000,-0.100,0,1,0,-6,-0.763,0.987,2.513,,Town06
15441,646.767,555.167,47.898,-0.003,-5.418,7.505,-4.3475,1.000,0.000,-0.100,0,1,0,-6,-0.808,0.942,2.558,,Town06
15442,646.817,555.540,47.848,-0.003,-5.694,7.517,-6.1794,1.000,0.000,-0.100,0,1,0,-6,-0.858,0.892,2.608,,Town06
15443,646.867,555.913,47.796,-0.003,-6.063,7.551,-8.0803,1.000,0.000,-0.100,0,1,0,-6,-0.910,0.840,2.660,,Town06
15444,646.917,556.285,47.737,-0.003,-6.556,7.549,-11.3554,1.000,0.000,-0.200,0,1,0,-6,-0.969,0.781,2.719,,Town06
15445,646.967,556.656,47.668,-0.003,-7.241,7.564,-15.1113,1.000,0.000,-0.200,0,1,0,-6,-1.038,0.712,2.788,,Town06
15446,647.017,557.025,47.589,-0.003,-8.116,7.537,-19.3120,1.000,0.000,-0.300,0,1,0,-6,-1.117,0.633,2.867,,Town06
15447,647.067,557.389,47.497,-0.003,-9.221,7.524,-23.7632,1.000,0.000,-0.300,0,1,0,-6,-1.208,0.542,2.958,,Town06
15448,647.117,557.749,47.395,-0.002,-10.481,7.510,-26.0216,1.000,0.000,-0.300,0,1,0,-6,-1.310,0.440,3.060,,Town06
15449,647.167,558.109,47.291,-0.002,-11.709,7.547,-22.3569,1.000,0.000,0.000,0,1,0,-6,-1.413,0.337,3.163,,Town06
15450,647.217,558.475,47.198,-0.001,-12.593,7.567,-14.8902,1.000,0.000,0.000,0,1,0,-6,-1.506,0.244,3.256,,Town06
15451,647.267,558.843,47.108,-0.001,-13.264,7.599,-13.1379,1.000,0.000,-0.100,0,1,0,-6,-1.597,0.153,3.347,,Town06
15452,647.317,559.212,47.016,-0.001,-13.791,7.616,-8.7928,1.000,0.000,0.000,0,1,0,-6,-1.688,0.062,3.438,,Town06
15453,647.367,559.583,46.925,-0.001,-14.147,7.652,-6.1912,1.000,0.000,0.000,0,1,0,-5,1.721,3.471,0.029,,Town06
15454,647.417,559.955,46.834,-0.002,-14.386,7.670,-3.9198,1.000,0.000,0.000,0,1,0,-5,1.630,3.380,0.120,,Town06
15455,647.467,560.328,46.740,-0.002,-14.550,7.709,-2.9420,1.000,0.000,0.000,0,1,0,-5,1.537,3.287,0.213,,Town06
15456,647.517,560.702,46.645,-0.003,-14.660,7.728,-1.7288,1.000,0.000,0.000,0,1,0,-5,1.442,3.192,0.308,,Town06
15457,647.567,561.078,46.553,-0.003,-14.662,7.759,1.4333,1.000,0.000,0.100,0,1,0,-5,1.349,3.099,0.401,,Town06
15458,647.617,561.457,46.466,-0.003,-14.483,7.772,4.8545,1.000,0.000,0.100,0,1,0,-5,1.263,3.013,0.487,,Town06
15459,647.667,561.837,46.383,-0.004,-14.181,7.804,6.7109,1.000,0.000,0.100,0,1,0,-5,1.180,2.930,0.570,Broken,Town06
15460,647.717,562.220,46.303,-0.003,-13.793,7.820,8.4144,1.000,0.000,0.100,0,1,0,-5,1.100,2.850,0.650,,Town06
15461,647.767,562.604,46.229,-0.003,-13.278,7.835,11.8613,1.000,0.000,0.200,0,1,0,-5,1.026,2.776,0.724,,Town06
15462,647.817,562.990,46.165,-0.003,-12.574,7.835,15.4179,1.000,0.000,0.200,0,1,0,-5,0.962,2.712,0.788,,Town06
15463,647.867,563.377,46.100,-0.003,-11.883,7.869,11.8156,1.000,0.000,0.000,0,1,0,-5,0.898,2.648,0.852,,Town06
15464,647.917,563.764,46.028,-0.003,-11.406,7.889,8.2237,1.000,0.000,0.000,0,1,0,-5,0.826,2.576,0.924,,Town06
15465,647.967,564.152,45.952,-0.002,-11.088,7.926,5.2724,1.000,0.000,0.000,0,1,0,-5,0.750,2.500,1.000,,Town06
15466,648.017,564.542,45.875,-0.002,-10.869,7.944,3.8636,1.000,0.000,0.000,0,1,0,-5,0.673,2.423,1.077,,Town06
15467,648.067,564.933,45.798,-0.003,-10.723,7.982,2.3681,1.000,0.000,0.000,0,1,0,-5,0.597,2.347,1.153,,Town06
15468,648.117,565.325,45.722,-0.003,-10.620,8.002,1.9013,1.000,0.000,0.000,0,1,0,-5,0.521,2.271,1.229,,Town06
15469,648.167,565.719,45.647,-0.003,-10.551,8.042,1.0365,1.000,0.000,0.000,0,1,0,-5,0.446,2.196,1.304,,Town06
15470,648.217,566.115,45.572,-0.003,-10.502,8.063,0.9853,1.000,0.000,0.000,0,1,0,-5,0.371,2.121,1.379,,Town06
15471,648.267,566.513,45.502,-0.004,-10.394,8.095,3.3342,1.000,0.000,0.100,0,1,0,-5,0.301,2.051,1.449,Broken,Town06
15472,648.317,566.913,45.439,-0.004,-10.137,8.110,6.2165,1.000,0.000,0.100,0,1,0,-5,0.238,1.988,1.512,,Town06
15473,648.367,567.315,45.381,-0.004,-9.778,8.142,7.7418,1.000,0.000,0.100,0,1,0,-5,0.181,1.931,1.569,,Town06
15474,648.417,567.719,45.331,-0.004,-9.275,8.138,11.9059,1.000,0.000,0.200,0,1,0,-5,0.131,1.881,1.619,,Town06
15475,648.467,568.124,45.292,-0.004,-8.574,8.150,15.2397,1.000,0.000,0.200,0,1,0,-5,0.092,1.842,1.658,,Town06
15476,648.517,568.530,45.261,-0.004,-7.728,8.151,17.9301,1.000,0.000,0.200,0,1,0,-5,0.061,1.811,1.689,,Town06
15477,648.567,568.937,45.229,-0.003,-6.932,8.185,13.7031,1.000,0.000,0.000,0,1,0,-5,0.029,1.779,1.721,,Town06
15478,648.617,569.345,45.189,-0.003,-6.376,8.207,9.6113,1.000,0.000,0.000,0,1,0,-5,-0.011,1.739,1.761,,Town06
15479,648.667,569.753,45.145,-0.003,-6.000,8.242,6.2968,1.000,0.000,0.000,0,1,0,-5,-0.054,1.696,1.804,,Town06
15480,648.717,570.164,45.104,-0.003,-5.663,8.254,7.4970,1.000,0.000,0.100,0,1,0,-5,-0.095,1.655,1.845,,Town06
15481,648.767,570.576,45.072,-0.003,-5.250,8.284,8.7001,1.000,0.000,0.100,0,1,0,-5,-0.126,1.624,1.876,Broken,Town06
15482,648.817,570.990,45.047,-0.003,-4.776,8.299,9.9539,1.000,0.000,0.100,0,1,0,-5,-0.152,1.598,1.902,,Town06
15483,648.867,571.405,45.030,-0.003,-4.194,8.309,13.1177,1.000,0.000,0.200,0,1,0,-5,-0.169,1.581,1.919,,Town06
15484,648.917,571.819,45.024,-0.003,-3.431,8.309,16.5283,1.000,0.000,0.200,0,1,0,-5,-0.174,1.576,1.924,,Town06
15485,648.967,572.235,45.028,-0.003,-2.541,8.326,18.5535,1.000,0.000,0.200,0,1,0,-5,-0.169,1.581,1.919,,Town06
15486,649.017,572.651,45.033,-0.003,-1.704,8.346,14.7128,1.000,0.000,0.000,0,1,0,-5,-0.165,1.585,1.915,,Town06
15487,649.067,573.069,45.029,-0.003,-1.121,8.382,9.8248,1.000,0.000,0.000,0,1,0,-5,-0.168,1.582,1.918,Broken,Town06
15488,649.117,573.488,45.019,-0.003,-0.789,8.388,4.3230,1.000,0.000,-0.100,0,1,0,-5,-0.179,1.571,1.929,,Town06
15489,649.167,573.909,45.006,-0.003,-0.638,8.420,2.4861,1.000,0.000,0.000,0,1,0,-5,-0.191,1.559,1.941,,Town06
15490,649.217,574.330,44.996,-0.003,-0.529,8.436,2.0346,1.000,0.000,0.000,0,1,0,-5,-0.200,1.550,1.950,,Town06
15491,649.267,574.753,44.989,-0.003,-0.453,8.472,1.1816,1.000,0.000,0.000,0,1,0,-5,-0.208,1.542,1.958,,Town06
15492,649.317,575.177,44.984,-0.003,-0.397,8.492,1.0967,1.000,0.000,0.000,0,1,0,-5,-0.213,1.537,1.963,,Town06
15493,649.367,575.603,44.979,-0.004,-0.360,8.531,0.5186,1.000,0.000,0.000,0,1,0,-5,-0.217,1.533,1.967,,Town06
15494,649.417,576.030,44.979,-0.004,-0.256,8.545,3.5087,1.000,0.000,0.100,0,1,0,-5,-0.217,1.533,1.967,,Town06
15495,649.467,576.458,44.988,-0.004,-0.002,8.573,6.0014,1.000,0.000,0.100,0,1,0,-5,-0.208,1.542,1.958,,Town06
15496,649.517,576.887,44.997,-0.004,0.261,8.594,4.5939,1.000,0.000,0.000,0,1,0,-5,-0.199,1.551,1.949,,Town06
15497,649.567,577.317,44.998,-0.004,0.363,8.616,0.0411,1.000,0.000,-0.100,0,1,0,-5,-0.197,1.553,1.947,,Town06
15498,649.617,577.748,44.991,-0.004,0.256,8.628,-3.4361,1.000,0.000,-0.100,0,1,0,-5,-0.204,1.546,1.954,,Town06
15499,649.667,578.180,44.978,-0.004,-0.010,8.654,-6.4509,1.000,0.000,-0.100,0,1,0,-5,-0.217,1.533,1.967,,Town06
15500,649.717,578.613,44.961,-0.004,-0.381,8.669,-7.9581,1.000,0.000,-0.100,0,1,0,-5,-0.234,1.516,1.984,,Town06
15501,649.767,579.046,44.937,-0.004,-0.901,8.676,-12.3435,1.000,0.000,-0.200,0,1,0,-5,-0.257,1.493,2.007,,Town06
15502,649.817,579.478,44.903,-0.003,-1.623,8.675,-15.6607,1.000,0.000,-0.200,0,1,0,-5,-0.292,1.458,2.042,Broken,Town06
15503,649.867,579.908,44.856,-0.003,-2.561,8.649,-21.0591,1.000,0.000,-0.300,0,1,0,-5,-0.338,1.412,2.088,,Town06
15504,649.917,580.334,44.796,-0.003,-3.740,8.622,-25.0673,1.000,0.000,-0.300,0,1,0,-5,-0.398,1.352,2.148,,Town06
15505,649.967,580.757,44.722,-0.002,-5.105,8.611,-28.6415,1.000,0.000,-0.300,0,1,0,-5,-0.471,1.279,2.221,,Town06
15506,650.017,581.175,44.635,-0.002,-6.651,8.554,-32.6549,1.000,0.000,-0.400,0,1,0,-5,-0.558,1.192,2.308,,Town06
15507,650.067,581.586,44.531,-0.001,-8.418,8.504,-36.9534,1.000,0.000,-0.400,0,1,0,-5,-0.662,1.088,2.412,,Town06
15508,650.117,581.994,44.419,-0.001,-10.206,8.533,-33.7064,1.000,0.000,-0.100,0,1,0,-5,-0.774,0.976,2.524,,Town06
15509,650.167,582.407,44.312,-0.000,-11.697,8.582,-27.4933,1.000,0.000,-0.100,0,1,0,-5,-0.881,0.869,2.631,,Town06
15510,650.217,582.823,44.206,0.000,-12.918,8.612,-22.6019,1.000,0.000,-0.100,0,1,0,-5,-0.987,0.763,2.737,,Town06
15511,650.267,583.240,44.097,0.000,-13.959,8.651,-19.8089,1.000,0.000,-0.100,0,1,0,-5,-1.096,0.654,2.846,,Town06
15512,650.317,583.659,43.987,-0.000,-14.770,8.675,-13.8790,1.000,0.000,0.000,0,1,0,-5,-1.206,0.544,2.956,,Town06
15513,650.367,584.080,43.877,-0.001,-15.339,8.711,-9.9241,1.000,0.000,0.000,0,1,0,-5,-1.315,0.435,3.065,,Town06
15514,650.417,584.502,43.766,-0.001,-15.735,8.730,-6.7300,1.000,0.000,0.000,0,1,0,-5,-1.426,0.324,3.176,,Town06
15515,650.467,584.924,43.652,-0.002,-16.016,8.765,-4.9711,1.000,0.000,0.000,0,1,0,-5,-1.540,0.210,3.290,,Town06
15516,650.517,585.347,43.535,-0.003,-16.211,8.785,-3.2606,1.000,0.000,0.000,0,1,0,-5,-1.656,0.094,3.406,Broken,Town06
15517,650.567,585.771,43.416,-0.003,-16.351,8.821,-2.5409,1.000,0.000,0.000,0,1,0,-4,1.724,3.474,0.026,,Town06
15518,650.617,586.196,43.294,-0.004,-16.448,8.842,-1.5554,1.000,0.000,0.000,0,1,0,-4,1.603,3.353,0.147,,Town06
15519,650.667,586.621,43.170,-0.004,-16.519,8.880,-1.3416,1.000,0.000,0.000,0,1,0,-4,1.479,3.229,0.271,Broken,Town06
15520,650.717,587.049,43.049,-0.004,-16.490,8.895,2.2048,1.000,0.000,0.100,0,1,0,-4,1.358,3.108,0.392,,Town06
15521,650.767,587.480,42.935,-0.004,-16.287,8.923,5.1536,1.000,0.000,0.100,0,1,0,-4,1.244,2.994,0.506,,Town06
15522,650.817,587.912,42.825,-0.004,-15.952,8.939,7.6144,1.000,0.000,0.100,0,1,0,-4,1.134,2.884,0.616,,Town06
15523,650.867,588.348,42.722,-0.004,-15.458,8.944,11.6951,1.000,0.000,0.200,0,1,0,-4,1.032,2.782,0.718,,Town06
15524,650.917,588.785,42.630,-0.003,-14.745,8.943,15.7965,1.000,0.000,0.200,0,1,0,-4,0.940,2.690,0.810,,Town06
15525,650.967,589.224,42.547,-0.003,-13.874,8.955,18.3883,1.000,0.000,0.200,0,1,0,-4,0.857,2.607,0.893,,Town06
15526,651.017,589.664,42.475,-0.003,-12.822,8.926,23.0469,1.000,0.000,0.300,0,1,0,-4,0.786,2.536,0.964,,Town06
15527,651.067,590.105,42.418,-0.002,-11.550,8.907,26.8601,1.000,0.000,0.300,0,1,0,-4,0.729,2.479,1.021,,Town06
15528,651.117,590.547,42.367,-0.002,-10.260,8.931,23.8673,1.000,0.000,0.000,0,1,0,-4,0.678,2.428,1.072,,Town06
15529,651.167,590.989,42.305,-0.002,-9.291,8.960,16.6532,1.000,0.000,0.000,0,1,0,-4,0.616,2.366,1.134,,Town06
15530,651.217,591.433,42.241,-0.001,-8.530,8.979,14.8893,1.000,0.000,0.100,0,1,0,-4,0.552,2.302,1.198,,Town06
15531,651.267,591.879,42.184,-0.001,-7.809,9.008,14.1256,1.000,0.000,0.100,0,1,0,-4,0.496,2.246,1.254,,Town06
15532,651.317,592.327,42.134,-0.001,-7.107,9.025,13.9991,1.000,0.000,0.100,0,1,0,-4,0.446,2.196,1.304,,Town06
15533,651.367,592.776,42.090,-0.002,-6.423,9.058,13.4965,1.000,0.000,0.100,0,1,0,-4,0.402,2.152,1.348,,Town06
15534,651.417,593.228,42.046,-0.002,-5.852,9.081,9.9730,1.000,0.000,0.000,0,1,0,-4,0.359,2.109,1.391,,Town06
15535,651.467,593.681,42.001,-0.002,-5.454,9.118,6.7592,1.000,0.000,0.000,0,1,0,-4,0.313,2.063,1.437,,Town06
15536,651.517,594.135,41.955,-0.003,-5.172,9.139,5.0070,1.000,0.000,0.000,0,1,0,-4,0.268,2.018,1.482,,Town06
15537,651.567,594.591,41.911,-0.003,-4.974,9.175,3.3074,1.000,0.000,0.000,0,1,0,-4,0.224,1.974,1.526,,Town06
15538,651.617,595.048,41.869,-0.004,-4.832,9.197,2.5833,1.000,0.000,0.000,0,1,0,-4,0.182,1.932,1.568,,Town06
15539,651.667,595.507,41.823,-0.004,-4.810,9.223,-1.3753,1.000,0.000,-0.100,0,1,0,-4,0.137,1.887,1.613,,Town06
15540,651.717,595.966,41.771,-0.004,-4.979,9.238,-4.5435,1.000,0.000,-0.100,0,1,0,-4,0.085,1.835,1.665,,Town06
15541,651.767,596.426,41.720,-0.004,-5.186,9.271,-3.6490,1.000,0.000,0.000,0,1,0,-4,0.034,1.784,1.716,Broken,Town06
15542,651.817,596.887,41.673,-0.004,-5.326,9.292,-2.3021,1.000,0.000,0.000,0,1,0,-4,-0.013,1.737,1.763,,Town06
15543,651.867,597.351,41.627,-0.004,-5.426,9.327,-1.8276,1.000,0.000,0.000,0,1,0,-4,-0.059,1.691,1.809,,Town06
15544,651.917,597.816,41.582,-0.004,-5.493,9.350,-1.0616,1.000,0.000,0.000,0,1,0,-4,-0.103,1.647,1.853,,Town06
15545,651.967,598.282,41.538,-0.004,-5.543,9.386,-0.9720,1.000,0.000,0.000,0,1,0,-4,-0.148,1.602,1.898,Broken,Town06
15546,652.017,598.750,41.493,-0.004,-5.576,9.410,-0.4695,1.000,0.000,0.000,0,1,0,-4,-0.192,1.558,1.942,,Town06
15547,652.067,599.219,41.451,-0.004,-5.525,9.435,2.4371,1.000,0.000,0.100,0,1,0,-4,-0.234,1.516,1.984,,Town06
15548,652.117,599.690,41.418,-0.004,-5.299,9.451,5.7700,1.000,0.000,0.100,0,1,0,-4,-0.267,1.483,2.017,,Town06
15549,652.167,600.163,41.389,-0.004,-4.947,9.478,7.7842,1.000,0.000,0.100,0,1,0,-4,-0.295,1.455,2.045,,Town06
15550,652.217,600.636,41.369,-0.003,-4.431,9.472,12.3132,1.000,0.000,0.200,0,1,0,-4,-0.315,1.435,2.065,,Town06
15551,652.267,601.109,41.361,-0.003,-3.696,9.475,16.1054,1.000,0.000,0.200,0,1,0,-4,-0.323,1.427,2.073,,Town06
15552,652.317,601.582,41.362,-0.003,-2.794,9.477,19.2117,1.000,0.000,0.200,0,1,0,-4,-0.322,1.428,2.072,,Town06
15553,652.367,602.054,41.375,-0.002,-1.709,9.450,23.5965,1.000,0.000,0.300,0,1,0,-4,-0.308,1.442,2.058,,Town06
15554,652.417,602.524,41.404,-0.002,-0.395,9.422,27.9161,1.000,0.000,0.300,0,1,0,-4,-0.279,1.471,2.029,Broken,Town06
15555,652.467,602.991,41.447,-0.002,1.091,9.408,30.7756,1.000,0.000,0.300,0,1,0,-4,-0.236,1.514,1.986,Broken,Town06
15556,652.517,603.458,41.495,-0.001,2.554,9.436,27.0186,1.000,0.000,0.000,0,1,0,-4,-0.188,1.562,1.938,,Town06
15557,652.567,603.929,41.533,-0.001,3.662,9.464,19.2132,1.000,0.000,0.000,0,1,0,-4,-0.149,1.601,1.899,,Town06
15558,652.617,604.401,41.567,-0.001,4.458,9.487,13.9536,1.000,0.000,0.000,0,1,0,-4,-0.115,1.635,1.865,,Town06
15559,652.667,604.875,41.601,-0.001,5.024,9.519,9.7398,1.000,0.000,0.000,0,1,0,-4,-0.081,1.669,1.831,,Town06
15560,652.717,605.350,41.637,-0.001,5.431,9.536,7.2161,1.000,0.000,0.000,0,1,0,-4,-0.045,1.705,1.795,,Town06
15561,652.767,605.826,41.676,-0.001,5.722,9.568,4.9647,1.000,0.000,0.000,0,1,0,-4,-0.005,1.745,1.755,Broken,Town06
15562,652.817,606.304,41.718,-0.002,5.933,9.588,3.8007,1.000,0.000,0.000,0,1,0,-4,0.037,1.787,1.713,,Town06
15563,652.867,606.782,41.764,-0.003,6.083,9.622,2.5181,1.000,0.000,0.000,0,1,0,-4,0.082,1.832,1.668,,Town06
15564,652.917,607.261,41.811,-0.003,6.194,9.617,2.0585,1.000,0.000,0.000,0,1,0,-4,0.130,1.880,1.620,Broken,Town06
15565,652.967,607.740,41.856,-0.004,6.195,9.615,-1.7404,1.000,0.000,-0.100,0,0,0,-4,0.175,1.925,1.575,,Town06
15566,653.017,608.219,41.895,-0.004,6.011,9.688,-4.9973,1.000,0.000,-0.100,0,0,0,-4,0.214,1.964,1.536,,Town06
15567,653.067,608.708,41.929,-0.004,5.678,9.840,-7.6473,1.000,0.000,-0.100,0,2,0,-4,0.249,1.999,1.501,,Town06
15568,653.117,609.201,41.956,-0.004,5.167,9.899,-12.1698,1.000,0.000,-0.200,0,2,0,-4,0.276,2.026,1.474,,Town06
15569,653.167,609.696,41.971,-0.004,4.424,9.937,-16.5202,1.000,0.000,-0.200,0,2,0,-4,0.291,2.041,1.459,,Town06
15570,653.217,610.194,41.976,-0.003,3.508,9.974,-19.3832,1.000,0.000,-0.200,0,2,0,-4,0.297,2.047,1.453,,Town06
15571,653.267,610.692,41.969,-0.003,2.398,9.977,-24.3327,1.000,0.000,-0.300,0,2,0,-4,0.290,2.040,1.460,,Town06
15572,653.317,611.191,41.954,-0.003,1.202,10.037,-22.2487,1.000,0.000,0.000,0,2,0,-4,0.275,2.025,1.475,,Town06
15573,653.367,611.694,41.947,-0.002,0.276,10.098,-16.2609,1.000,0.000,0.000,0,2,0,-4,0.268,2.018,1.482,,Town06
15574,653.417,612.201,41.945,-0.002,-0.390,10.159,-11.5444,1.000,0.000,0.000,0,2,0,-4,0.266,2.016,1.484,Broken,Town06
15575,653.467,612.711,41.939,-0.002,-0.950,10.218,-11.5512,1.000,0.000,-0.100,0,2,0,-4,0.260,2.010,1.490,,Town06
15576,653.517,613.223,41.922,-0.002,-1.546,10.267,-12.1450,1.000,0.000,-0.100,0,2,0,-4,0.244,1.994,1.506,Broken,Town06
15577,653.567,613.737,41.897,-0.002,-2.178,10.325,-12.9327,1.000,0.000,-0.100,0,2,0,-4,0.220,1.970,1.530,,Town06
15578,653.617,614.252,41.861,-0.002,-2.904,10.348,-15.9398,1.000,0.000,-0.200,0,2,0,-4,0.184,1.934,1.566,,Town06
15579,653.667,614.767,41.810,-0.003,-3.809,10.373,-19.4093,1.000,0.000,-0.200,0,2,0,-4,0.133,1.883,1.617,,Town06
15580,653.717,615.284,41.754,-0.003,-4.697,10.429,-15.7214,1.000,0.000,0.000,0,2,0,-4,0.077,1.827,1.673,,Town06
15581,653.767,615.805,41.704,-0.003,-5.351,10.488,-11.5044,1.000,0.000,0.000,0,2,0,-4,0.027,1.777,1.723,,Town06
15582,653.817,616.328,41.655,-0.003,-5.822,10.542,-8.1754,1.000,0.000,0.000,0,2,0,-4,-0.022,1.728,1.772,Broken,Town06
15583,653.867,616.855,41.604,-0.003,-6.164,10.601,-6.0568,1.000,0.000,0.000,0,2,0,-4,-0.072,1.678,1.822,,Town06
15584,653.917,617.384,41.551,-0.003,-6.411,10.651,-4.2575,1.000,0.000,0.000,0,2,0,-4,-0.125,1.625,1.875,,Town06
15585,653.967,617.915,41.496,-0.004,-6.592,10.709,-3.2416,1.000,0.000,0.000,0,2,0,-4,-0.180,1.570,1.930,Broken,Town06
15586,654.017,618.449,41.439,-0.004,-6.722,10.757,-2.2212,1.000,0.000,0.000,0,2,0,-4,-0.237,1.513,1.987,,Town06
15587,654.067,618.985,41.379,-0.004,-6.819,10.812,-1.7683,1.000,0.000,0.000,0,2,0,-4,-0.296,1.454,2.046,,Town06
15588,654.117,619.523,41.313,-0.004,-6.968,10.847,-4.1934,1.000,0.000,-0.100,0,2,0,-4,-0.362,1.388,2.112,,Town06
15589,654.167,620.061,41.237,-0.004,-7.271,10.885,-7.2195,1.000,0.000,-0.100,0,2,0,-4,-0.437,1.313,2.187,,Town06
15590,654.217,620.600,41.154,-0.004,-7.693,10.923,-9.1507,1.000,0.000,-0.100,0,2,0,-4,-0.520,1.230,2.270,,Town06
15591,654.267,621.139,41.061,-0.004,-8.276,10.935,-13.6581,1.000,0.000,-0.200,0,2,0,-4,-0.613,1.137,2.363,,Town06
15592,654.317,621.675,40.955,-0.004,-9.081,10.947,-17.5729,1.000,0.000,-0.200,0,2,0,-4,-0.719,1.031,2.469,,Town06
15593,654.367,622.207,40.834,-0.004,-10.110,10.924,-22.6138,1.000,0.000,-0.300,0,2,0,-4,-0.840,0.910,2.590,,Town06
15594,654.417,622.734,40.696,-0.004,-11.393,10.900,-27.5446,1.000,0.000,-0.300,0,2,0,-4,-0.978,0.772,2.728,,Town06
15595,654.467,623.255,40.542,-0.004,-12.899,10.887,-31.6819,1.000,0.000,-0.300,0,2,0,-4,-1.131,0.619,2.881,,Town06
15596,654.517,623.776,40.381,-0.003,-14.417,10.938,-28.1645,1.000,0.000,0.000,0,2,0,-4,-1.292,0.458,3.042,,Town06
15597,654.567,624.301,40.227,-0.003,-15.604,10.981,-21.0156,1.000,0.000,0.000,0,2,0,-4,-1.446,0.304,3.196,,Town06
15598,654.617,624.830,40.075,-0.003,-16.478,11.031,-15.3385,1.000,0.000,0.000,0,2,0,-4,-1.597,0.153,3.347,Broken,Town06
15599,654.667,625.362,39.923,-0.002,-17.120,11.082,-11.3487,1.000,0.000,0.000,0,2,0,-4,-1.750,0.000,3.500,,Town06
15600,654.717,625.895,39.766,-0.002,-17.590,11.125,-8.2312,1.000,0.000,0.000,0,2,0,-3,1.594,3.344,0.156,,Town06
15601,654.767,626.429,39.606,-0.002,-17.937,11.174,-6.1730,1.000,0.000,0.000,0,2,0,-3,1.434,3.184,0.316,,Town06
15602,654.817,626.964,39.441,-0.002,-18.192,11.214,-4.4330,1.000,0.000,0.000,0,2,0,-3,1.269,3.019,0.481,Broken,Town06
15603,654.867,627.500,39.271,-0.003,-18.381,11.261,-3.3961,1.000,0.000,0.000,0,2,0,-3,1.100,2.850,0.650,,Town06
15604,654.917,628.037,39.099,-0.003,-18.520,11.300,-2.3843,1.000,0.000,0.000,0,2,0,-3,0.928,2.678,0.822,,Town06
15605,654.967,628.575,38.923,-0.003,-18.623,11.340,-1.8953,0.000,0.000,0.000,0,2,0,-3,0.753,2.503,0.997,,Town06
15606,655.017,629.114,38.745,-0.004,-18.699,11.350,-1.2622,0.000,0.000,0.000,0,2,0,-3,0.575,2.325,1.175,Solid,Town06
15607,655.067,629.653,38.570,-0.004,-18.677,11.321,1.9546,0.000,0.000,0.100,0,2,0,-3,0.400,2.150,1.350,,Town06
15608,655.117,630.192,38.403,-0.004,-18.468,11.265,5.5400,0.000,0.000,0.100,0,2,0,-3,0.233,1.983,1.517,,Town06
15609,655.167,630.730,38.242,-0.004,-18.118,11.211,7.8857,0.000,0.000,0.100,0,2,0,-3,0.072,1.822,1.678,,Town06
15610,655.217,631.266,38.090,-0.004,-17.588,11.108,12.6708,0.000,0.600,0.200,0,2,0,-3,-0.079,1.671,1.829,,Town06
15611,655.267,631.799,37.952,-0.003,-16.827,10.984,16.7485,0.000,1.000,0.200,0,2,0,-3,-0.217,1.533,1.967,,Town06
15612,655.317,632.329,37.826,-0.003,-15.885,10.832,20.1236,0.000,1.000,0.200,0,2,0,-3,-0.343,1.407,2.093,,Town06
15613,655.367,632.852,37.715,-0.002,-14.750,10.628,24.6102,0.000,1.000,0.300,0,2,0,-3,-0.453,1.297,2.203,,Town06
15614,655.417,633.368,37.623,-0.001,-13.382,10.435,29.0471,0.000,1.000,0.300,0,0,0,-3,-0.545,1.205,2.295,,Town06
15615,655.467,633.876,37.551,-0.001,-11.785,10.208,33.9739,0.000,1.000,0.400,0,0,0,-3,-0.617,1.133,2.367,,Town06
15616,655.517,634.371,37.502,0.000,-9.947,9.835,38.4220,0.000,1.000,0.400,0,0,0,-3,-0.666,1.084,2.416,Broken,Town06
15617,655.567,634.846,37.473,0.001,-7.937,9.335,41.4232,0.000,1.000,0.400,0,1,0,-3,-0.694,1.056,2.444,,Town06
15618,655.617,635.290,37.466,0.002,-5.752,8.686,45.2037,0.000,1.000,0.500,0,1,0,-3,-0.702,1.048,2.452,,Town06
15619,655.667,635.698,37.479,0.003,-3.427,7.933,46.8078,0.000,1.000,0.500,0,1,0,-3,-0.688,1.062,2.438,,Town06
15620,655.717,636.065,37.511,0.004,-1.109,7.129,45.9089,0.000,1.000,0.500,0,1,0,-3,-0.656,1.094,2.406,Solid,Town06
15621,655.767,636.388,37.558,0.005,1.163,6.309,45.1491,0.000,1.000,0.600,0,1,0,-3,-0.609,1.141,2.359,,Town06
15622,655.817,636.667,37.618,0.006,3.374,5.514,43.3361,0.000,1.000,0.600,0,1,0,-3,-0.548,1.202,2.298,,Town06
15623,655.867,636.905,37.688,0.006,5.469,4.759,40.9092,0.000,0.400,0.600,0,1,0,-3,-0.479,1.271,2.229,,Town06
15624,655.917,637.100,37.758,0.007,7.416,3.959,37.4214,0.000,1.000,0.600,0,1,0,-3,-0.409,1.341,2.159,Solid,Town06
15625,655.967,637.252,37.825,0.007,9.172,3.156,33.6292,0.000,0.000,0.700,0,1,0,-3,-0.341,1.409,2.091,,Town06
15626,656.017,637.364,37.887,0.007,10.700,2.403,28.3122,0.000,0.600,0.700,0,1,0,-3,-0.279,1.471,2.029,,Town06
15627,656.067,637.440,37.939,0.007,11.915,1.706,21.5964,0.000,1.000,0.700,0,1,0,-3,-0.227,1.523,1.977,Broken,Town06
15628,656.117,637.490,37.974,0.007,12.727,1.052,12.5094,0.000,1.000,0.000,0,1,0,-3,-0.192,1.558,1.942,,Town06
15629,656.167,637.516,37.988,0.006,13.071,0.365,3.6224,0.000,1.000,0.000,0,1,0,-3,-0.178,1.572,1.928,,Town06
15630,656.217,637.519,37.989,0.005,13.112,0.058,0.0043,0.000,0.400,0.000,0,1,0,-3,-0.177,1.573,1.927,,Town06
15631,656.267,637.520,37.989,0.003,13.110,0.040,0.0120,0.000,1.000,0.000,0,1,0,-3,-0.177,1.573,1.927,,Town06
15632,656.317,637.521,37.989,0.002,13.110,0.024,0.0201,0.000,1.000,0.000,0,1,0,-3,-0.177,1.573,1.927,,Town06
15633,656.367,637.522,37.990,0.001,13.111,0.009,0.0238,0.000,1.000,0.000,0,1,0,-3,-0.176,1.574,1.926,,Town06
15634,656.417,637.523,37.990,0.000,13.113,0.006,0.0260,0.000,1.000,-0.100,0,1,0,-3,-0.176,1.574,1.926,,Town06
15635,656.467,637.524,37.990,-0.000,13.114,0.014,0.0221,0.000,1.000,-0.100,0,1,0,-3,-0.176,1.574,1.926,,Town06
15636,656.517,637.525,37.991,-0.001,13.115,0.020,0.0184,0.000,1.000,-0.100,0,1,0,-3,-0.175,1.575,1.925,,Town06
15637,656.567,637.526,37.991,-0.002,13.117,0.022,0.0136,0.000,1.000,-0.100,0,1,0,-3,-0.175,1.575,1.925,,Town06
15638,656.617,637.526,37.991,-0.003,13.117,0.026,0.0078,0.000,1.000,0.000,0,1,0,-3,-0.175,1.575,1.925,,Town06
15639,656.667,637.527,37.991,-0.003,13.117,0.026,0.0039,0.000,1.000,0.000,0,1,0,-3,-0.175,1.575,1.925,,Town06
15640,656.717,637.527,37.991,-0.004,13.117,0.024,0.0014,0.000,1.000,0.000,0,1,0,-3,-0.175,1.575,1.925,,Town06
15641,656.767,637.528,37.991,-0.004,13.118,0.020,0.0013,0.000,1.000,0.000,0,1,0,-3,-0.175,1.575,1.925,,Town06
15642,656.817,637.528,37.992,-0.005,13.117,0.008,-0.0170,0.000,0.000,0.000,0,1,0,-3,-0.175,1.575,1.925,,Town06
15643,656.867,637.527,37.992,-0.005,13.116,0.008,-0.0134,0.000,0.000,0.000,0,1,0,-3,-0.174,1.576,1.924,,Town06
15644,656.917,637.527,37.992,-0.005,13.113,0.004,-0.0761,0.000,0.000,0.000,0,1,0,-3,-0.174,1.576,1.924,,Town06
15645,656.967,637.527,37.992,-0.005,13.110,0.005,0.0129,0.000,0.000,0.000,0,1,0,-3,-0.174,1.576,1.924,,Town06
15646,657.017,637.526,37.992,-0.005,13.108,0.002,-0.1396,0.000,0.000,0.000,0,1,0,-3,-0.174,1.576,1.924,,Town06
15647,657.067,637.526,37.992,-0.005,13.110,0.003,0.1802,0.000,0.000,0.000,0,1,0,-3,-0.174,1.576,1.924,,Town06
15648,657.117,637.526,37.992,-0.004,13.109,0.004,-0.1257,0.000,0.000,0.000,0,1,0,-3,-0.174,1.576,1.924,,Town06
15649,657.167,637.526,37.992,-0.004,13.113,0.007,0.2009,0.000,0.000,0.000,0,1,0,-3,-0.174,1.576,1.924,,Town06
15650,657.217,637.526,37.992,-0.004,13.114,0.002,0.0010,0.000,0.000,0.000,0,1,0,-3,-0.174,1.576,1.924,,Town06
15651,657.267,637.525,37.992,-0.003,13.119,0.009,0.1246,0.000,0.000,0.000,0,1,0,-3,-0.174,1.576,1.924,,Town06
15652,657.317,637.525,37.992,-0.003,13.121,0.010,0.0325,0.000,0.000,0.000,0,1,0,-3,-0.175,1.575,1.925,,Town06
15653,657.367,637.525,37.992,-0.003,13.124,0.006,0.1530,0.000,0.000,0.000,0,1,0,-3,-0.175,1.575,1.925,,Town06
15654,657.417,637.525,37.991,-0.003,13.123,0.004,-0.0854,0.000,0.000,0.000,0,1,0,-3,-0.175,1.575,1.925,,Town06
15655,657.467,637.526,37.991,-0.003,13.128,0.004,0.1628,0.000,0.000,0.000,0,1,0,-3,-0.175,1.575,1.925,,Town06
15656,657.517,637.526,37.991,-0.003,13.127,0.006,-0.0758,0.000,0.000,0.000,0,1,0,-3,-0.175,1.575,1.925,,Town06
15657,657.567,637.526,37.991,-0.003,13.131,0.002,0.1610,0.000,0.000,0.000,0,1,0,-3,-0.175,1.575,1.925,,Town06
15658,657.617,637.526,37.991,-0.003,13.130,0.001,-0.1474,0.000,0.000,0.000,0,1,0,-3,-0.175,1.575,1.925,,Town06
15659,657.667,637.526,37.991,-0.003,13.130,0.000,0.0000,0.000,0.000,0.000,0,1,0,-3,-0.175,1.575,1.925,,Town06
15660,657.717,637.526,37.991,-0.003,13.130,0.000,0.0000,0.000,0.000,0.000,0,1,0,-3,-0.175,1.575,1.925,,Town06
15661,657.767,637.526,37.991,-0.003,13.130,0.000,0.0000,0.000,0.000,0.000,0,1,0,-3,-0.175,1.575,1.925,,Town06
15662,657.817,637.526,37.991,-0.003,13.130,0.000,0.0000,0.000,0.000,0.000,0,1,0,-3,-0.175,1.575,1.925,,Town06
15663,657.867,637.526,37.991,-0.003,13.130,0.000,0.0000,0.000,0.000,0.000,0,1,0,-3,-0.175,1.575,1.925,,Town06
15664,657.917,637.526,37.991,-0.003,13.130,0.000,0.0000,0.000,0.000,0.000,0,1,0,-3,-0.175,1.575,1.925,,Town06
15665,657.967,637.526,37.991,-0.003,13.130,0.000,0.0000,0.000,0.000,0.000,0,1,0,-3,-0.175,1.575,1.925,,Town06
15666,658.017,637.526,37.991,-0.003,13.130,0.000,0.0000,0.000,0.000,0.000,0,1,0,-3,-0.175,1.575,1.925,,Town06
15667,658.067,637.526,37.991,-0.003,13.130,0.000,0.0000,0.000,0.000,0.000,0,1,0,-3,-0.175,1.575,1.925,,Town06
15668,658.117,637.526,37.991,-0.003,13.130,0.000,0.0000,0.000,0.000,0.000,0,1,0,-3,-0.175,1.575,1.925,,Town06
15669,658.167,637.526,37.991,-0.003,13.130,0.000,0.0000,0.000,0.000,0.000,0,1,0,-3,-0.175,1.575,1.925,,Town06
15670,658.217,637.526,37.991,-0.003,13.130,0.000,0.0000,0.000,0.000,0.000,0,1,0,-3,-0.175,1.575,1.925,,Town06
15671,658.267,637.526,37.991,-0.003,13.130,0.000,0.0000,0.000,0.000,0.000,0,1,0,-3,-0.175,1.575,1.925,,Town06
15672,658.317,637.526,37.991,-0.003,13.130,0.000,0.0000,0.000,0.000,0.000,0,1,0,-3,-0.175,1.575,1.925,,Town06
15673,658.367,637.526,37.991,-0.003,13.130,0.000,0.0000,0.000,0.000,0.000,0,1,0,-3,-0.175,1.575,1.925,,Town06
15674,658.417,637.526,37.991,-0.003,13.130,0.000,0.0000,0.000,0.000,0.000,0,1,0,-3,-0.175,1.575,1.925,,Town06
15675,658.467,637.526,37.991,-0.003,13.130,0.000,0.0000,0.000,0.000,0.000,0,1,0,-3,-0.175,1.575,1.925,,Town06
15676,658.517,637.526,37.991,-0.003,13.130,0.000,0.0000,0.000,0.000,0.000,0,1,0,-3,-0.175,1.575,1.925,,Town06
15677,658.567,637.526,37.991,-0.003,13.130,0.000,0.0000,0.000,0.000,0.000,0,1,0,-3,-0.175,1.575,1.925,,Town06
15678,658.617,637.526,37.991,-0.003,13.130,0.000,0.0000,0.000,0.000,0.000,0,1,0,-3,-0.175,1.575,1.925,,Town06
15679,658.667,637.526,37.991,-0.003,13.130,0.000,0.0000,0.000,0.000,0.000,0,1,0,-3,-0.175,1.575,1.925,,Town06
15680,658.717,637.526,37.991,-0.003,13.130,0.000,0.0000,0.000,0.000,0.000,0,1,0,-3,-0.175,1.575,1.925,,Town06
15681,658.767,637.526,37.991,-0.003,13.130,0.000,0.0000,0.000,0.000,0.000,0,1,0,-3,-0.175,1.575,1.925,,Town06
15682,658.817,637.526,37.991,-0.003,13.130,0.000,0.0000,0.000,0.000,0.000,0,1,0,-3,-0.175,1.575,1.925,,Town06
15683,658.867,637.526,37.991,-0.003,13.130,0.000,0.0000,0.000,0.000,0.000,0,1,0,-3,-0.175,1.575,1.925,,Town06
15684,658.917,637.526,37.991,-0.003,13.130,0.000,0.0000,0.000,0.000,0.000,0,1,0,-3,-0.175,1.575,1.925,,Town06
15685,658.967,637.526,37.991,-0.003,13.130,0.000,0.0000,0.000,0.000,0.000,0,1,0,-3,-0.175,1.575,1.925,,Town06
15686,659.017,637.526,37.991,-0.003,13.130,0.000,0.0000,0.000,0.000,0.000,0,1,0,-3,-0.175,1.575,1.925,,Town06
15687,659.067,637.526,37.991,-0.003,13.130,0.000,0.0000,0.000,0.000,0.000,0,1,0,-3,-0.175,1.575,1.925,,Town06
15688,659.117,637.526,37.991,-0.003,13.130,0.000,0.0000,0.000,0.000,0.000,0,1,0,-3,-0.175,1.575,1.925,,Town06
15689,659.167,637.526,37.991,-0.003,13.130,0.000,0.0000,0.000,0.000,0.000,0,1,0,-3,-0.175,1.575,1.925,,Town06
15690,659.217,637.526,37.991,-0.003,13.130,0.000,0.0000,0.000,0.000,0.000,0,1,0,-3,-0.175,1.575,1.925,,Town06
15691,659.267,637.526,37.991,-0.003,13.130,0.000,0.0000,0.000,0.000,0.000,0,1,0,-3,-0.175,1.575,1.925,,Town06
15692,659.317,637.526,37.991,-0.003,13.130,0.000,0.0000,0.000,0.000,0.000,0,1,0,-3,-0.175,1.575,1.925,,Town06
15693,659.367,637.526,37.991,-0.003,13.130,0.000,0.0000,0.000,0.000,0.000,0,1,0,-3,-0.175,1.575,1.925,,Town06
15694,659.417,637.526,37.991,-0.003,13.130,0.000,0.0000,0.000,0.000,0.000,0,1,0,-3,-0.175,1.575,1.925,,Town06
15695,659.467,637.526,37.991,-0.003,13.130,0.000,0.0000,0.000,0.000,0.000,0,1,0,-3,-0.175,1.575,1.925,,Town06
15696,659.517,637.526,37.991,-0.003,13.130,0.000,0.0000,0.000,0.000,0.000,0,1,0,-3,-0.175,1.575,1.925,,Town06
15697,659.567,637.526,37.991,-0.003,13.130,0.000,0.0000,0.000,0.000,0.000,0,1,0,-3,-0.175,1.575,1.925,,Town06
15698,659.617,637.526,37.991,-0.003,13.130,0.000,0.0000,0.000,0.000,0.000,0,1,0,-3,-0.175,1.575,1.925,,Town06
15699,659.667,637.526,37.991,-0.003,13.130,0.000,0.0000,0.000,0.000,0.000,0,1,0,-3,-0.175,1.575,1.925,,Town06
15700,659.717,637.526,37.991,-0.003,13.130,0.000,0.0000,0.000,0.000,0.000,0,1,0,-3,-0.175,1.575,1.925,,Town06
15701,659.767,637.526,37.991,-0.003,13.130,0.000,0.0000,0.000,0.000,0.000,0,1,0,-3,-0.175,1.575,1.925,,Town06
15702,659.817,637.526,37.991,-0.003,13.130,0.000,0.0000,0.000,0.000,0.000,0,1,0,-3,-0.175,1.575,1.925,,Town06
15703,659.867,637.526,37.991,-0.003,13.130,0.000,0.0000,0.000,0.000,0.000,0,1,0,-3,-0.175,1.575,1.925,,Town06
15704,659.917,637.526,37.991,-0.003,13.130,0.000,0.0000,0.000,0.000,0.000,0,1,0,-3,-0.175,1.575,1.925,,Town06
15705,659.967,637.526,37.991,-0.003,13.130,0.000,0.0000,0.000,0.000,0.000,0,1,0,-3,-0.175,1.575,1.925,,Town06
15706,660.017,637.526,37.991,-0.003,13.130,0.000,0.0000,0.000,0.000,0.000,0,1,0,-3,-0.175,1.575,1.925,,Town06
15707,660.067,637.526,37.991,-0.003,13.130,0.000,0.0000,0.000,0.000,0.000,0,1,0,-3,-0.175,1.575,1.925,,Town06
15708,660.117,637.526,37.991,-0.003,13.130,0.000,0.0000,0.000,0.000,0.000,0,1,0,-3,-0.175,1.575,1.925,,Town06
15709,660.167,637.526,37.991,-0.003,13.130,0.000,0.0000,0.000,0.000,0.000,0,1,0,-3,-0.175,1.575,1.925,,Town06
15710,660.217,637.526,37.991,-0.003,13.130,0.000,0.0000,0.000,0.000,0.000,0,1,0,-3,-0.175,1.575,1.925,,Town06
15711,660.267,637.526,37.991,-0.003,13.130,0.000,0.0000,0.000,0.000,0.000,0,1,0,-3,-0.175,1.575,1.925,,Town06
15712,660.317,637.526,37.991,-0.003,13.130,0.000,0.0000,0.000,0.000,0.000,0,1,0,-3,-0.175,1.575,1.925,,Town06
15713,660.367,637.526,37.991,-0.003,13.130,0.000,0.0000,0.000,0.000,0.000,0,1,0,-3,-0.175,1.575,1.925,,Town06
15714,660.417,637.526,37.991,-0.003,13.130,0.000,0.0000,0.000,0.000,0.000,0,1,0,-3,-0.175,1.575,1.925,,Town06
